代码,名称,最新价,涨跌额,涨跌幅,昨收,今开,最高,最低,成交量,成交额
sh000001,上证指数,3015.4807,38.459,1.292,2977.0221,2966.4166,3015.4807,2961.1479,372984687,412614978517
sh000002,Ａ股指数,3161.0122,40.296,1.291,3120.7165,3109.5991,3161.0122,3104.0681,372506380,412027732994
sh000003,Ｂ股指数,262.5219,3.235,1.248,259.2869,259.4106,262.5219,257.4168,351494,195044813
sh000004,工业指数,2688.3598,43.697,1.652,2644.6629,2634.3452,2688.3598,2628.7704,222268275,287033921829
sh000005,商业指数,2379.7104,31.978,1.362,2347.7328,2339.5433,2379.7104,2336.6377,32664437,29108245194
sh000006,地产指数,4688.6697,35.275,0.758,4653.3944,4629.349,4688.6697,4618.8588,6944317,3891771282
sh000007,公用指数,4313.9984,42.168,0.987,4271.8309,4260.1716,4313.9984,4253.5961,34925974,20553420816
sh000008,综合指数,2661.0855,15.635,0.591,2645.4507,2637.5436,2661.6509,2633.5004,76181684,72027619395
sh000009,上证380,5111.7853,82.924,1.649,5028.8615,5011.5273,5111.7853,5001.6989,56729122,75950123955
sh000010,上证180,7663.3709,65.726,0.865,7597.6446,7567.2602,7663.3709,7560.9459,86566925,131836708230
sh000011,基金指数,5954.6981,84.485,1.439,5870.2128,5859.1809,5955.8972,5853.5105,709798830,97838671220
sh000012,国债指数,209.126,0.206,0.098,208.9204,208.9369,209.1976,208.9317,30567041,30890264312
sh000015,红利指数,3105.2076,15.864,0.513,3089.3439,3079.6802,3111.0181,3068.4388,24763721,18801895967
sh000016,上证50,2405.0609,11.512,0.481,2393.5488,2383.1353,2405.0609,2381.5714,33600960,57324528048
sh000017,新综指,2547.881,32.496,1.292,2515.3854,2506.4066,2547.881,2501.9569,360668135,398085717950
sh000018,180金融,4410.3092,13.754,0.313,4396.5555,4386.1509,4424.3547,4377.8627,24897756,24550337790
sh000019,治理指数,1012.1879,5.259,0.522,1006.929,1003.174,1012.1879,1002.2631,79701624,90171143106
sh000020,中型综指,1060.1147,30.266,2.939,1029.8487,1025.4968,1060.1147,1020.4529,68635260,93911727742
sh000021,180治理,892.5439,3.147,0.354,889.3965,885.7502,892.5439,885.1115,54230075,64805740867
sh000022,沪公司债,236.6157,0.046,0.019,236.5702,236.593,236.6164,236.5812,942869,904884723
sh000025,180基建,1757.0008,9.253,0.529,1747.7481,1742.5695,1757.0913,1740.7542,18168785,13190763090
sh000026,180资源,3489.9531,14.853,0.427,3475.1,3458.4154,3501.6959,3452.7309,10277452,13445198463
sh000027,180运输,720.6796,3.055,0.426,717.6243,716.033,721.1457,714.5209,2650950,2295718156
sh000028,180成长,3010.8411,47.225,1.593,2963.6162,2949.1823,3010.8411,2944.5424,15773478,46010229189
sh000029,180价值,3631.3705,11.888,0.328,3619.4823,3609.0409,3641.3184,3605.5549,44431861,40348791694
sh000030,180R成长,1903.677,29.638,1.581,1874.0393,1864.9222,1903.677,1862.4465,47288461,97931025746
sh000031,180R价值,2594.0698,14.126,0.548,2579.9443,2571.8394,2594.0698,2569.565,75946845,92269588251
sh000032,上证能源,2158.3431,6.322,0.294,2152.0215,2143.2774,2173.2265,2132.2747,14509080,13135594631
sh000033,上证材料,2067.9256,18.469,0.901,2049.4564,2042.6582,2067.9256,2039.2407,15443753,15322039354
sh000034,上证工业,2013.4306,16.625,0.833,1996.8058,1989.1286,2013.4306,1986.3193,23833407,23812395154
sh000035,上证可选,2545.9944,38.163,1.522,2507.8316,2497.3333,2545.9944,2496.8224,15372156,18186940348
sh000036,上证消费,12006.2199,2.507,0.021,12003.7133,11935.6038,12006.2199,11902.373,3071600,11985852613
sh000037,上证医药,5931.8691,57.607,0.981,5874.262,5856.8678,5931.8691,5839.0721,4203706,14320115280
sh000038,上证金融,4332.9414,10.444,0.242,4322.4974,4312.08,4349.1516,4302.7353,21686754,19988903402
sh000039,上证信息,2827.1495,137.568,5.115,2689.5814,2670.698,2827.7725,2661.7806,14112087,40666939186
sh000040,上证电信,3262.0238,86.126,2.712,3175.8983,3165.3319,3262.0238,3158.1571,14254037,17227585655
sh000041,上证公用,2405.5303,7.947,0.331,2397.5832,2389.9628,2415.4473,2385.3657,11300933,7725824753
sh000042,上证央企,1499.9771,8.737,0.586,1491.2403,1486.9104,1499.9771,1485.77,43522214,42772060552
sh000043,超大盘,1879.243,6.285,0.336,1872.958,1866.0715,1880.5472,1864.8282,18658775,31710082710
sh000044,上证中盘,3451.9115,49.307,1.449,3402.605,3390.8156,3451.9115,3386.2685,52965965,74512180182
sh000045,上证小盘,4358.7756,74.795,1.746,4283.9806,4266.104,4358.7756,4258.6785,84328886,82825929100
sh000046,上证中小,3878.2937,60.766,1.592,3817.5275,3803.0011,3878.2937,3797.583,137294851,157338109282
sh000047,上证全指,3045.9578,33.191,1.102,3012.7665,3000.5774,3045.9578,2997.5342,170895812,214662637330
sh000048,责任指数,1237.1354,7.091,0.577,1230.0441,1225.4975,1237.1354,1224.1753,29328987,39055383221
sh000049,上证民企,1423.4339,33.328,2.398,1390.1059,1383.6915,1423.4339,1381.4596,17576777,38352604234
sh000050,50等权,1838.1326,15.905,0.873,1822.2279,1814.0449,1838.1326,1812.202,33600960,57324528048
sh000051,180等权,7172.7325,101.007,1.428,7071.7258,7042.5233,7172.7325,7033.4249,86566925,131836708230
sh000052,50基本,2428.8146,6.957,0.287,2421.8579,2413.0384,2433.1278,2411.1458,33600960,57324528048
sh000053,180基本,10068.5121,47.142,0.47,10021.3696,9988.2662,10074.6342,9979.2584,86566925,131836708230
sh000054,上证海外,1160.1185,5.184,0.449,1154.9347,1151.2431,1160.9376,1150.0778,39954685,46025045900
sh000055,上证地企,1245.8391,5.1,0.411,1240.7387,1235.5921,1245.8391,1234.5679,18416944,31894324246
sh000056,上证国企,1074.4701,5.154,0.482,1069.3165,1065.4966,1074.4701,1064.7323,61939158,74666384798
sh000057,全指成长,3152.1719,55.745,1.8,3096.4268,3082.421,3152.1719,3076.8707,30563584,66417170785
sh000058,全指价值,3872.8688,21.385,0.555,3851.4834,3839.8458,3874.868,3836.0372,83966105,70158936605
sh000059,全R成长,2544.3956,40.507,1.618,2503.8886,2491.5205,2544.3956,2488.3628,98849060,158583840318
sh000060,全R价值,3516.7853,26.117,0.748,3490.668,3478.6821,3516.7853,3475.667,152251581,162325606138
sh000061,沪企债30,170.7894,0.02,0.011,170.7698,170.7823,170.7913,170.7823,10500,10699000
sh000062,上证沪企,1620.4375,20.81,1.301,1599.6272,1593.3664,1620.4375,1591.9652,11638304,18319307143
sh000063,上证周期,2882.7982,8.48,0.295,2874.318,2865.6703,2891.8032,2861.9483,36272187,37612618973
sh000064,非周期,2919.78,38.581,1.339,2881.1995,2866.8635,2919.78,2864.3729,43278028,85811652369
sh000065,上证龙头,2941.316,33.758,1.161,2907.5577,2894.685,2941.316,2891.073,52749731,76568542169
sh000066,上证商品,2483.351,20.205,0.82,2463.1458,2453.41,2483.351,2447.3303,23356451,22956300890
sh000067,上证新兴,5711.6125,142.561,2.56,5569.0515,5544.863,5711.6125,5534.4682,21015596,49216722190
sh000068,上证资源,2712.3044,17.119,0.635,2695.1849,2683.4809,2714.976,2676.6888,21633414,21853236942
sh000069,消费80,4760.2673,28.81,0.609,4731.4569,4708.5721,4760.2673,4704.4291,13632906,35992918922
sh000070,能源等权,3066.0195,16.732,0.549,3049.2877,3037.3402,3075.788,3021.5883,14509080,13135594631
sh000071,材料等权,2770.4395,25.818,0.941,2744.6219,2735.2774,2770.4861,2727.133,15443753,15322039354
sh000072,工业等权,2585.22,26.345,1.03,2558.8749,2548.4978,2585.22,2545.2186,23833407,23812395154
sh000073,可选等权,2809.8803,53.625,1.946,2756.255,2751.7214,2809.8803,2749.7284,15372156,18186940348
sh000074,消费等权,7474.1266,44.305,0.596,7429.8213,7392.6566,7474.1266,7377.2037,3071600,11985852613
sh000075,医药等权,7121.2265,93.182,1.326,7028.0443,7003.5614,7121.2265,6976.4615,4203706,14320115280
sh000076,金融等权,4178.1819,11.594,0.278,4166.5879,4156.1515,4195.6058,4145.9308,20874422,19193880001
sh000077,信息等权,3459.6104,157.064,4.756,3302.5464,3280.0641,3459.9342,3270.3814,14112087,40666939186
sh000078,电信等权,2674.3404,87.953,3.401,2586.3872,2586.4684,2674.3404,2581.2594,14254037,17227585655
sh000079,公用等权,2282.032,13.03,0.574,2269.0024,2262.6678,2282.5876,2255.8936,11300933,7725824753
sh000090,上证流通,1087.3206,15.441,1.441,1071.8792,1067.9533,1087.3206,1066.107,360668135,398085717950
sh000091,沪财中小,9837.1508,204.714,2.125,9632.4371,9613.6779,9837.1508,9566.3163,27629792,29680420699
sh000092,资源50,3345.6342,23.929,0.72,3321.7056,3308.8809,3345.9046,3302.2351,21686929,24264674675
sh000093,180分层,10046.2883,141.574,1.429,9904.7146,9865.7743,10046.2883,9853.485,86566925,131836708230
sh000094,上证上游,2919.6943,14.599,0.503,2905.0954,2891.8466,2927.2244,2886.1231,21452519,21647642455
sh000095,上证中游,2545.9242,60.908,2.451,2485.0162,2474.1625,2545.9242,2469.0468,51553754,81285992337
sh000096,上证下游,4249.9703,33.315,0.79,4216.655,4194.6634,4249.9703,4191.5427,39447782,64778160908
sh000097,高端装备,7305.0566,181.969,2.555,7123.0872,7083.0337,7305.0566,7067.5845,19422182,47787695017
sh000098,上证F200,4475.9909,22.476,0.505,4453.5153,4439.4775,4480.3509,4435.6329,107318848,103619245949
sh000099,上证F300,7164.3005,114.419,1.623,7049.8818,7026.5531,7164.3005,7011.1065,71590808,74378755262
sh000100,上证F500,5021.2914,33.344,0.668,4987.9479,4972.1109,5021.2914,4967.1542,178909656,177998001211
sh000101,5年信用,235.0044,0.058,0.025,234.9466,234.9672,235.0047,234.9651,218220,196526166
sh000102,沪投资品,5445.3885,52.159,0.967,5393.2292,5364.5618,5445.3885,5357.5593,20520915,28667813761
sh000103,沪消费品,8491.4638,68.483,0.813,8422.9807,8385.9911,8491.4638,8371.4488,4804034,21495298469
sh000104,380能源,1805.733,8.312,0.462,1797.4212,1789.7554,1820.4487,1778.3148,4179441,4714827370
sh000105,380材料,3596.6462,36.176,1.016,3560.4706,3551.2771,3596.6462,3536.6407,6563148,5647904837
sh000106,380工业,4487.2988,70.332,1.592,4416.9665,4400.4136,4487.2988,4388.9668,17935438,20118696980
sh000107,380可选,5112.8908,79.053,1.57,5033.8377,5027.9503,5112.8908,5022.2693,2220794,4921758581
sh000108,380消费,12396.8394,120.56,0.982,12276.279,12215.1881,12396.8394,12201.0095,1567097,2206346445
sh000109,380医药,10623.3155,127.247,1.212,10496.0688,10456.7255,10623.3155,10420.7211,2439970,6305930790
sh000110,380金融,3018.294,17.24,0.574,3001.0537,2994.1655,3025.9718,2990.4541,8042086,5441617859
sh000111,380信息,5931.4758,251.17,4.422,5680.3056,5649.9555,5931.4758,5628.3951,4007315,12295922787
sh000112,380电信,4503.8008,194.724,4.519,4309.0769,4277.4217,4503.9438,4261.6649,4945097,10745626724
sh000113,380公用,2514.6716,27.926,1.123,2486.7455,2482.9302,2515.7475,2477.3461,3520445,2377810941
sh000114,持续产业,1253.1912,11.038,0.889,1242.1535,1237.6442,1253.1912,1235.2875,11044609,14699005581
sh000115,380等权,6736.8465,124.818,1.888,6612.0286,6592.0119,6736.8465,6571.7832,56729122,75950123955
sh000116,信用100,186.6799,-0.027,-0.015,186.7071,186.7211,186.7211,186.5486,280650,237854994
sh000117,380成长,3657.4976,76.083,2.124,3581.4149,3568.456,3657.4976,3558.5993,11731086,25641251759
sh000118,380价值,8503.326,59.267,0.702,8444.0586,8418.8914,8503.326,8406.2727,28387154,22857229020
sh000119,380R成长,3402.1092,77.981,2.346,3324.1277,3311.5941,3402.1092,3302.7418,33507457,58945738530
sh000120,380R价值,7563.0571,83.638,1.118,7479.4188,7455.4805,7563.0571,7443.6253,50163526,56161715791
sh000121,医药主题,8594.9158,106.934,1.26,8487.9822,8458.2096,8594.9158,8434.5213,4431068,14951299050
sh000122,农业主题,1558.1846,27.228,1.779,1530.9561,1527.8794,1558.1846,1520.3016,4533887,3434021382
sh000123,180动态,4808.7366,90.742,1.923,4717.9951,4691.653,4808.7366,4685.7778,39273905,71145581093
sh000125,180稳定,10140.3725,40.052,0.397,10100.3203,10066.8496,10140.3725,10058.9019,46912052,60552074330
sh000126,消费50,8181.7209,44.975,0.553,8136.7458,8088.2782,8182.0718,8084.7457,10356955,24895997301
sh000128,380基本,7392.0265,69.78,0.953,7322.2468,7304.067,7392.0265,7291.1642,56729122,75950123955
sh000129,180波动,12955.6116,75.93,0.59,12879.6819,12841.3234,12955.6116,12827.7216,51766885,58308781152
sh000130,380波动,11284.2827,89.119,0.796,11195.1634,11169.1508,11284.2827,11148.9427,25326456,16884816572
sh000131,上证高新,1826.1376,54.143,3.055,1771.9944,1761.9114,1828.0332,1749.4472,8005360,22737988829
sh000132,上证100,5114.2087,97.331,1.94,5016.8776,5003.7269,5114.2087,4990.6417,9807230,16593913596
sh000133,上证150,4123.0678,121.658,3.04,4001.4094,3978.3395,4123.0678,3955.5777,12985275,15695932911
sh000134,上证银行,789.1311,0.795,0.101,788.3365,786.6156,795.1288,784.7309,20230510,12728967973
sh000135,180高贝,4433.9071,51.024,1.164,4382.8835,4362.2536,4433.9071,4357.9071,26415458,47686930266
sh000136,180低贝,10887.6113,-1.497,-0.014,10889.1086,10834.3801,10928.301,10789.0905,33432913,39377374835
sh000137,380高贝,3690.2624,101.956,2.841,3588.3068,3580.7506,3690.2624,3564.6001,11239609,20158355240
sh000138,380低贝,6638.192,56.595,0.86,6581.5974,6561.6217,6638.192,6549.5403,19540016,16475344402
sh000139,上证转债,344.1304,0.771,0.224,343.3598,343.3119,344.2036,342.8036,13278677,16783147136
sh000141,380动态,2920.182,68.193,2.391,2851.9894,2841.7895,2920.182,2834.7875,26211022,45517883526
sh000142,380稳定,8037.3731,86.926,1.093,7950.4471,7923.8454,8037.3731,7910.6074,30667408,30510077191
sh000145,优势资源,5076.0171,31.014,0.615,5045.0027,5019.8167,5076.715,5008.2878,17072669,18004681643
sh000146,优势制造,6105.1025,104.75,1.746,6000.3521,5970.4615,6105.1025,5958.5156,14619800,23904656349
sh000147,优势消费,7081.6809,49.9,0.71,7031.7806,7005.5251,7081.6809,6992.0904,5187060,17747943480
sh000148,消费领先,7763.3619,96.244,1.255,7667.118,7634.717,7763.3619,7626.1242,38259815,67581869145
sh000149,180红利,3462.888,2.691,0.078,3460.1973,3447.5969,3484.3343,3441.955,25543371,24042242118
sh000150,380红利,12013.4222,84.047,0.705,11929.3756,11888.1742,12016.6512,11847.6265,9993395,8538826838
sh000151,上国红利,1594.2198,6.409,0.404,1587.8111,1581.4257,1599.2406,1575.432,20358108,15510367121
sh000152,上央红利,2459.9288,5.765,0.235,2454.1637,2446.5786,2466.6357,2441.3413,26756101,19530560588
sh000153,上民红利,2860.6304,34.249,1.212,2826.3818,2816.7446,2861.6312,2809.2179,3398900,3149564715
sh000155,市值百强,2538.7266,20.391,0.81,2518.3354,2507.5207,2538.7266,2505.7152,64624877,101425086940
sh000158,上证环保,1266.8504,19.507,1.564,1247.3436,1240.9535,1266.8504,1237.1829,9789361,14129067871
sh000159,沪股通,2793.5691,37.502,1.361,2756.0672,2745.8889,2793.5691,2741.8339,285111612,332338620428
sh000160,沪新丝路,1710.7063,13.664,0.805,1697.0425,1690.6508,1710.7063,1689.1538,32154008,26843185448
sh000161,沪中国造,1437.5586,30.861,2.194,1406.6973,1400.7054,1437.5586,1397.5911,26453398,46937095067
sh000162,沪互联+,2858.8769,75.35,2.707,2783.5268,2771.4233,2858.8769,2762.9733,21991189,39646982754
sh000170,50AH优选,4488.8808,26.779,0.6,4462.1023,4442.7204,4488.8808,4423.6408,23729606,38395833634
sh000300,沪深300,3494.7874,41.429,1.2,3453.3585,3440.0516,3494.7874,3437.4422,139528246,244488721251
sh000682,科创信息,984.989,44.063,4.683,940.9263,934.5685,985.4504,930.6216,4885431,23916903672
sh000683,科创生物,939.4396,14.96,1.618,924.4793,922.4416,939.4396,917.9473,1405566,5768288857
sh000687,科创高装,923.6326,25.36,2.823,898.273,893.4486,923.6326,888.7197,3278407,8996960981
sh000688,科创50,796.9073,28.419,3.698,768.4884,763.6649,797.149,761.264,24214646,71354654830
sh000689,科创材料,760.3348,21.457,2.904,738.8781,735.5974,760.3348,732.2235,1891662,4544791147
sh000690,科创成长,836.1975,34.483,4.301,801.7147,798.1964,836.2395,795.5351,3087291,12321249540
sh000692,科创新能,1044.6398,21.691,2.12,1022.9483,1017.0318,1044.6398,1013.1019,2180608,5286236595
sh000693,科创机械,1001.7387,27.997,2.875,973.7412,969.1432,1001.7387,962.9136,3098044,7318518177
sh000695,科长三角,691.2341,21.248,3.171,669.9864,666.8029,691.3904,664.4349,2816375,12252170371
sh000697,科大湾区,909.0038,19.51,2.193,889.4943,883.8625,909.0038,879.4678,3137495,8528427134
sh000698,科创100,888.459,26.218,3.041,862.2406,858.4475,888.459,854.8304,5207982,16937652042
sh000802,500沪市,5876.2908,104.427,1.809,5771.8635,5749.979,5876.2908,5736.5393,65557329,67509976399
sh000819,有色金属,4526.1901,51.282,1.146,4474.9085,4452.6781,4526.1901,4447.6231,15100704,17859244021
sh000823,800有色,5144.2126,54.336,1.068,5089.877,5063.4018,5144.2126,5058.0042,13638025,15763725580
sh000827,中证环保,1391.0553,16.169,1.176,1374.8862,1369.0046,1391.0553,1366.0457,22570380,37197137343
sh000847,腾讯济安,2714.4886,38.005,1.42,2676.4837,2668.6593,2714.4886,2658.6516,33190472,42941533090
sh000849,300非银,7762.1646,74.84,0.974,7687.3244,7682.2142,7762.1646,7675.5448,15310013,19910039579
sh000851,百发100,12730.0847,196.663,1.569,12533.4215,12492.8476,12730.0847,12451.1147,33182851,30944573378
sh000852,中证1000,5394.0342,138.638,2.638,5255.3962,5237.1053,5394.0342,5218.5861,182622372,183476438079
sh000853,CSSW丝路,1359.1234,13.516,1.004,1345.6072,1339.2212,1359.1234,1337.6974,15468283,46969383756
sh000854,500原料,3715.7838,47.11,1.284,3668.6741,3656.2747,3715.7838,3645.3917,19370443,18176440934
sh000855,央视500,1241.2525,14.737,1.202,1226.5156,1221.7174,1241.2525,1220.6345,180263574,310000109422
sh000856,500工业,4981.9638,84.311,1.721,4897.6527,4876.4683,4981.9638,4858.3223,28188405,32554111818
sh000857,500医药,10629.7706,101.807,0.967,10527.9635,10495.7898,10629.7706,10452.4012,5475839,10746642747
sh000858,500信息,5695.8296,236.028,4.323,5459.8019,5429.8067,5695.8296,5414.6055,15750604,30047420325
sh000860,结构调整,1085.6694,19.218,1.802,1066.451,1062.223,1085.6694,1061.4677,48683420,66088104717
sh000865,上海国企,1174.2699,12.615,1.086,1161.6547,1158.2121,1174.2699,1156.5558,18552171,16014844060
sh000867,港中小企,1777.9158,18.225,1.036,1759.6912,1762.4886,1777.9158,1739.6833,12731467,6371862398
sh000869,HK银行,2614.1045,8.865,0.34,2605.2394,2597.9661,2614.1045,2583.7572,8572944,5229331865
sh000891,新兴综指,1205.6651,33.105,2.823,1172.5604,1167.3551,1205.6651,1164.2839,351124510,503869824663
sh000901,小康指数,5230.3086,33.861,0.652,5196.4474,5177.9509,5230.3086,5173.0873,53437766,62285460353
sh000903,中证100,3305.2181,39.568,1.212,3265.6506,3253.1582,3305.2181,3250.4085,59402431,121509935498
sh000905,中证500,5307.8043,112.34,2.162,5195.4642,5174.8194,5307.8043,5160.8782,138971751,157201596730
sh000906,中证800,3795.1637,54.196,1.449,3740.9679,3726.4363,3795.1637,3722.1458,278499997,401690317981
sh000913,300医药,8351.2602,76.343,0.923,8274.9168,8248.1552,8351.2602,8229.6429,3838177,15247426294
sh000914,300金融,5064.0426,24.511,0.486,5039.5315,5030.152,5075.5042,5024.2919,39560342,37158245692
sh000928,中证能源,3108.2171,10.364,0.335,3097.8532,3083.9046,3127.6478,3069.7966,12600406,12696364113
sh000932,中证消费,17206.2993,50.815,0.296,17155.4843,17072.6491,17206.2993,17061.5513,5234673,17485962125
sh000933,中证医药,8298.9525,77.213,0.939,8221.7396,8195.695,8298.9525,8177.5521,9314017,25994069052
sh000934,中证金融,4788.4983,31.657,0.666,4756.8411,4747.3001,4791.8321,4743.7147,63309401,52590641230
sh000935,中证信息,3602.9875,148.66,4.304,3454.3273,3431.9429,3602.9875,3423.6631,39133955,95449810873
sh000974,800金融,5261.0602,32.747,0.626,5228.3128,5219.1529,5268.2695,5214.5944,57580717,47996535647
sh000982,500等权,6603.1664,127.642,1.971,6475.5245,6452.5823,6603.1664,6432.8199,138971751,157201596730
sh000986,全指能源,2526.9658,10.294,0.409,2516.6718,2506.2913,2540.1474,2494.1526,18044843,15993869792
sh000987,全指材料,3012.4822,34.564,1.161,2977.918,2968.0832,3012.4822,2962.0434,37889710,37560538013
sh000989,全指可选,4434.7955,95.987,2.212,4338.809,4335.46,4434.7955,4331.3626,31398465,52278933000
sh000991,全指医药,8882.6142,94.89,1.08,8787.7246,8759.8224,8882.6142,8739.1767,11657228,31792753106
sh000992,全指金融,4585.6769,33.695,0.74,4551.9822,4542.2769,4585.6769,4538.4705,87547411,63651829843
sh000993,全指信息,4728.7123,197.249,4.353,4531.4637,4502.3463,4728.7123,4492.3739,52818020,115907244692
sz399001,深证成指,9269.568,203.481,2.244,9066.087,9032.259,9269.568,9016.607,53339610227,577389504457
sz399002,深成指R,11953.154,262.389,2.244,11690.765,11647.144,11953.154,11626.961,15667918191,246927777530
sz399003,成份Ｂ指,7108.239,32.208,0.455,7076.031,7072.987,7115.724,7071.614,12921861,72604315
sz399004,深证100R,5610.949,103.402,1.877,5507.547,5488.719,5610.949,5483.84,4476800885,104942772923
sz399005,中小100,5741.212,137.773,2.459,5603.439,5580.259,5741.212,5569.641,3872115272,64193844263
sz399006,创业板指,1793.979,42.276,2.413,1751.703,1743.49,1793.979,1740.833,18662735211,264736013370
sz399007,深证300,3920.952,80.899,2.107,3840.053,3825.387,3920.952,3819.604,10340318561,193072821089
sz399008,中小300,1153.029,27.777,2.469,1125.252,1120.667,1153.029,1118.186,8524903134,107444136084
sz399009,深证200,3419.588,85.699,2.571,3333.889,3318.452,3419.588,3308.557,5863517676,88130048165
sz399010,深证700,5975.005,167.959,2.892,5807.046,5783.279,5975.005,5762.661,15656592868,159443232024
sz399011,深证1000,4486.637,102.903,2.347,4383.734,4366.624,4486.637,4357.791,25996911429,352516053113
sz399012,创业300,2617.936,72.227,2.837,2545.709,2533.625,2617.936,2528.035,7144888487,134292030773
sz399013,深市精选,4157.564,88.016,2.163,4069.548,4055.821,4157.564,4047.227,12504535009,181130749986
sz399015,中小创新,2016.306,55.276,2.819,1961.03,1951.833,2016.306,1943.84,10328993238,105588275583
sz399016,深证创新,3575.92,106.664,3.075,3469.256,3452.575,3575.92,3441.065,3373589785,87556141557
sz399017,SME创新,3048.707,90.249,3.051,2958.458,2945.912,3048.707,2936.836,2658262862,54860583121
sz399018,创业创新,3669.177,108.189,3.038,3560.988,3540.167,3669.177,3526.138,1751415684,55812580083
sz399019,创业200,2883.049,106.555,3.838,2776.494,2762.857,2883.049,2750.568,5209923569,62983920405
sz399020,创业小盘,1150.015,34.471,3.09,1115.544,1109.72,1150.015,1103.325,4009200197,46324141262
sz399030,碳科技30,2581.777,45.467,1.793,2536.31,2523.877,2581.777,2516.141,478766573,16681598541
sz399050,创新引擎,2220.128,50.327,2.319,2169.801,2161.662,2220.128,2158.218,1866664817,35292508066
sz399060,碳科技60,2235.817,43.491,1.984,2192.326,2185.396,2235.817,2180.781,1745922934,46087438631
sz399088,深创100,2977.254,69.235,2.381,2908.019,2896.279,2977.254,2891.871,3950525356,105357221308
sz399100,新指数,8041.674,181.959,2.315,7859.715,7828.552,8041.674,7808.084,52054689362,573308879987
sz399101,中小综指,9844.378,229.697,2.389,9614.681,9579.881,9844.378,9553.241,21365685983,194278136948
sz399102,创业板综,2302.602,64.539,2.884,2238.063,2226.162,2302.602,2219.26,18662735211,264736013370
sz399103,乐富指数,6213.046,101.323,1.658,6111.723,6101.357,6213.046,6090.542,23457840823,25290119244
sz399106,深证综指,1716.578,39.426,2.351,1677.152,1670.341,1716.578,1665.723,53339610227,577389504457
sz399107,深证Ａ指,1795.536,41.288,2.354,1754.248,1747.113,1795.536,1742.277,53316211124,577292367129
sz399108,深证Ｂ指,1069.823,7.028,0.661,1062.795,1062.51,1070.565,1061.583,23399103,97137328
sz399231,农林指数,1237.983,23.362,1.923,1214.621,1211.651,1245.595,1209.457,355529039,3494416995
sz399232,采矿指数,2427.218,34.148,1.427,2393.07,2380.666,2427.218,2377.073,501758922,4855826570
sz399233,制造指数,2175.627,51.175,2.409,2124.452,2115.93,2175.627,2109.684,30749173426,374637958838
sz399234,水电指数,792.321,8.589,1.096,783.732,780.119,792.321,776.92,923435329,5111385557
sz399235,建筑指数,928.145,25.739,2.852,902.406,896.214,928.145,892.224,970195621,8391507438
sz399236,批零指数,1119.805,27.621,2.529,1092.184,1087.457,1119.805,1082.418,1543972662,12339156313
sz399237,运输指数,935.988,4.915,0.528,931.073,930.185,937.859,927.615,506320771,4255639730
sz399238,餐饮指数,1412.868,40.875,2.979,1371.993,1370.536,1418.368,1358.06,91186099,533835469
sz399239,IT指数,1474.677,65.546,4.652,1409.131,1400.694,1474.677,1395.396,7621324773,92135459928
sz399240,金融指数,1076.393,19.485,1.844,1056.908,1057.511,1076.393,1057.37,2099814664,19495299853
sz399241,地产指数,1252.247,23.213,1.889,1229.034,1222.897,1252.247,1218.236,1493829842,5262591056
sz399242,商务指数,998.823,24.198,2.483,974.625,972.358,999.317,967.946,2064350945,13480642834
sz399243,科研指数,1160.041,22.372,1.966,1137.669,1130.976,1160.041,1124.277,543631445,7542676914
sz399244,公共指数,485.638,8.36,1.752,477.278,475.399,485.638,472.336,618679982,3524676896
sz399248,文化指数,809.923,31.087,3.991,778.836,773.757,810.381,770.115,1154765053,12283937357
sz399249,综企指数,1285.858,45.127,3.637,1240.731,1236.73,1285.858,1224.595,44824098,347751527
sz399258,绿色低碳,2785.736,50.788,1.857,2734.948,2728.78,2785.736,2724.029,1696868851,36492284335
sz399259,创业低碳,2778.458,51.023,1.871,2727.435,2714.451,2778.458,2701.286,972126901,17550597283
sz399260,先进制造,2417.168,56.972,2.414,2360.196,2351.297,2417.168,2348.64,2546302500,68326319223
sz399261,创业制造,3099.458,73.299,2.422,3026.159,3006.007,3099.458,2998.929,781083185,41083820952
sz399262,数字经济,1564.196,69.81,4.671,1494.386,1487.356,1564.196,1484.58,2691609080,72327235703
sz399263,创业数字,1485.308,65.307,4.599,1420.001,1414.137,1485.447,1410.823,2615041666,54272789447
sz399264,创新技术,1073.575,47.444,4.624,1026.131,1018.544,1073.575,1015.711,1410902942,28769504175
sz399265,创新药械,1112.303,16.855,1.539,1095.448,1089.836,1112.303,1087.759,531015935,10253106298
sz399266,创新能源,1998.105,35.466,1.807,1962.639,1953.022,1998.105,1946.926,663960663,19268325855
sz399269,创质量,3923.697,114.901,3.017,3808.796,3781.478,3923.697,3769.798,1109330684,45892987555
sz399274,深新基建,3262.292,141.103,4.521,3121.189,3103.449,3263.838,3094.603,2209089081,73070427797
sz399275,创医药,2948.744,39.003,1.34,2909.741,2893.085,2948.744,2887.01,495943130,11659234511
sz399276,创科技,4365.569,126.205,2.977,4239.364,4213.912,4365.569,4204.585,1554887694,44532224543
sz399277,公共健康,2432.179,51.444,2.161,2380.735,2374.622,2432.179,2368.165,808077097,14628987418
sz399278,长江100,1486.911,28.461,1.951,1458.45,1452.102,1486.911,1449.781,3547770694,72068445865
sz399279,云科技50,2714.364,127.242,4.918,2587.122,2569.969,2715.575,2563.631,2935720574,73162180830
sz399280,生物50,2354.973,31.584,1.359,2323.389,2314.573,2354.973,2307.698,440135753,9456424367
sz399281,电子50,2439.844,69.943,2.951,2369.901,2359.647,2439.867,2353.931,1918164894,23427374042
sz399282,大数据50,3641.429,212.724,6.204,3428.705,3406.949,3641.429,3398.501,2425646339,43669648058
sz399283,机器人50,2790.875,78.269,2.885,2712.606,2698.03,2790.875,2687.632,1731956497,26841075706
sz399284,AI 50,2909.059,143.54,5.19,2765.519,2748.341,2909.059,2737.417,2543932366,52881684818
sz399285,物联网50,3484.107,153.385,4.605,3330.722,3313.593,3484.388,3303.802,2447620233,63409005764
sz399286,区块链50,2835.17,79.052,2.868,2756.118,2749.882,2835.17,2744.184,3122150479,41470613375
sz399290,深转交债,152.592,0.35,0.23,152.242,152.126,152.602,151.775,41593766,5083051898
sz399291,创精选88,3104.843,104.433,3.481,3000.41,2989.164,3104.843,2974.146,1767863065,20328486469
sz399292,民企发展,875.162,22.277,2.612,852.885,849.444,875.162,846.077,5775329306,44713072755
sz399293,创业大盘,3328.156,78.14,2.404,3250.016,3234.086,3328.156,3229.303,1225610613,52925498491
sz399294,中小创Q,2333.459,28.711,1.246,2304.748,2291.171,2333.459,2289.368,1067158844,24430890950
sz399295,创价值,3931.029,66.399,1.718,3864.63,3843.689,3931.029,3839.857,879891772,28091113765
sz399296,创成长,4065.085,143.76,3.666,3921.325,3895.922,4065.085,3888.392,1703457670,49676269281
sz399297,新浪100,3864.43,80.972,2.14,3783.458,3773.603,3864.43,3756.333,1333220210,8969189532
sz399298,深信中高,200.557,0.028,0.014,200.529,200.547,200.577,200.533,65136400,6553795148
sz399299,深信中低,231.491,0.014,0.006,231.477,231.505,231.525,231.491,1350000,141189440
sz399300,沪深300,3494.787,41.429,1.2,3453.358,3440.052,3494.787,3437.442,13952824600,244488721251
sz399301,深信用债,204.176,0.028,0.014,204.148,204.167,204.197,204.152,65136400,6553795148
sz399302,深公司债,207.553,0.032,0.015,207.521,207.539,207.598,207.51,64026500,6441747888
sz399303,国证2000,6793.396,176.654,2.67,6616.742,6590.873,6793.396,6560.147,29047975060,303758423874
sz399306,深证ETF,1236.35,21.641,1.782,1214.709,1212.446,1236.35,1210.178,23020640360,24596810752
sz399307,深证转债,275.045,0.832,0.303,274.213,273.94,275.045,273.383,186827128,23448965578
sz399310,国证A50,5590.764,71.189,1.29,5519.575,5502.48,5590.764,5499.741,3625685160,78431782228
sz399311,国证1000,3658.316,55.889,1.551,3602.427,3588.456,3658.316,3583.845,33094537621,456100211497
sz399312,国证300,3978.868,57.543,1.467,3921.325,3905.455,3978.868,3901.736,13293087501,259386236840
sz399313,巨潮100,4170.492,35.945,0.869,4134.547,4119.854,4170.492,4117.492,6769780345,121495529807
sz399314,巨潮大盘,3855.138,41.431,1.086,3813.707,3799.483,3855.138,3796.667,11298738353,192534654584
sz399315,巨潮中盘,3405.078,70.456,2.113,3334.622,3318.851,3405.078,3313.327,8833164625,136677603449
sz399316,巨潮小盘,4317.826,100.511,2.383,4217.315,4203.134,4317.826,4190.6,12962634643,126887953464
sz399317,国证Ａ指,4689.143,89.149,1.938,4599.994,4582.447,4689.143,4572.174,89226107965,985169971008
sz399318,国证Ｂ指,4572.358,47.027,1.039,4525.331,4525.917,4572.499,4510.266,58548471,292182141
sz399319,资源优势,2247.037,16.3,0.731,2230.737,2221.274,2247.037,2218.17,3511670881,32959827502
sz399320,国证服务,2026.484,13.712,0.681,2012.772,2006.366,2026.631,2003.509,3737764357,26190547609
sz399321,国证红利,6533.565,21.196,0.325,6512.369,6494.995,6551.855,6487.274,3702573528,40959387443
sz399322,国证治理,8045.053,61.85,0.775,7983.203,7953.245,8045.053,7944.455,2517943328,49070880203
sz399324,深证红利,8454.124,78.923,0.942,8375.201,8358.114,8454.124,8345.984,2563339740,27857946151
sz399326,成长40,3443.785,88.048,2.624,3355.737,3336.846,3443.785,3333.054,1136462743,29482372674
sz399328,深证治理,8955.53,132.696,1.504,8822.834,8797.822,8955.53,8781.073,1201001975,31158500809
sz399330,深证100,4141.634,76.324,1.877,4065.31,4051.412,4141.634,4047.811,4476800885,104942772923
sz399333,中小100R,6739.331,161.725,2.459,6577.606,6550.396,6739.331,6537.932,3872115272,64193844263
sz399335,深证央企,3619.022,87.823,2.487,3531.199,3512.659,3619.022,3509.757,1755997823,27135167842
sz399337,深证民营,3834.809,89.846,2.399,3744.963,3732.048,3834.809,3726.062,3495822738,87112285723
sz399339,深证科技,5767.538,159.421,2.843,5608.117,5582.195,5767.538,5576.566,3951924138,100336645337
sz399341,深证责任,1479.013,21.266,1.459,1457.747,1452.409,1479.014,1450.421,2968019062,56614810179
sz399344,深证300R,4959.038,102.317,2.107,4856.721,4838.171,4959.038,4830.858,10340318561,193072821089
sz399346,深证成长,2634.417,55.441,2.15,2578.976,2568.443,2634.417,2566.342,2654573153,70697388746
sz399348,深证价值,5414.533,85.541,1.605,5328.992,5318.768,5414.533,5312.75,4271936473,51900001518
sz399350,皖江30,2170.052,37.822,1.774,2132.23,2125.505,2170.052,2119.206,842328492,14965423104
sz399351,创新示范,7500.265,137.563,1.868,7362.702,7337.324,7500.265,7327.858,3375455678,57650136148
sz399352,深企综指,7076.244,140.703,2.029,6935.541,6909.425,7076.244,6896.297,7901103290,108751764788
sz399353,国证物流,1971.823,6.708,0.341,1965.115,1960.213,1972.494,1957.045,1321978652,10558400524
sz399354,分析师指数,6802.707,93.546,1.394,6709.161,6675.798,6802.707,6670.294,5843668747,126765291472
sz399355,长三角,2709.556,33.817,1.264,2675.739,2668.733,2709.556,2665.93,1460235019,29013205441
sz399356,珠三角,7877.966,106.264,1.367,7771.702,7755.083,7877.966,7747.319,2171318755,43933529776
sz399357,环渤海,2630.454,20.706,0.793,2609.748,2600.438,2630.735,2597.885,3678913591,35477818280
sz399358,国证环保,3829.006,48.07,1.271,3780.936,3767.583,3829.006,3763.492,1431403700,30319395169
sz399359,国证基建,2623.386,10.477,0.401,2612.909,2603.989,2625.135,2600.065,3159392196,21223131973
sz399360,新硬件,4182.738,138.539,3.426,4044.199,4021.165,4182.738,4003.739,4065631987,67425570090
sz399361,在线消费,3038.676,134.896,4.646,2903.78,2885.105,3038.676,2876.306,3930664153,44501890690
sz399362,民企100,5408.014,123.363,2.334,5284.651,5265.716,5408.014,5259.675,3495688851,102068517771
sz399363,国证算力,3741.425,245.676,7.028,3495.749,3463.526,3749.383,3451.662,2726086877,83759135170
sz399364,消费100,7398.33,176.042,2.437,7222.288,7192.014,7398.33,7185.188,4192143549,116938837351
sz399365,国证粮食,11611.43,118.088,1.027,11493.342,11471.385,11611.43,11437.325,683197053,7011322853
sz399366,能源金属,1386.827,22.516,1.65,1364.311,1356.386,1386.827,1353.992,1055611434,13100233314
sz399367,1000地产,2667.885,39.52,1.504,2628.365,2614.824,2667.885,2609.566,719819890,5549440756
sz399368,国证军工,6083.753,192.103,3.261,5891.65,5859.899,6083.753,5853.354,1114673023,20923867783
sz399369,国证责任,1400.28,17.451,1.262,1382.829,1377.601,1400.28,1375.889,3047224382,53436273562
sz399370,国证成长,3581.814,66.826,1.901,3514.988,3499.795,3581.814,3495.809,7578881313,165741346894
sz399371,国证价值,5878.974,44.327,0.76,5834.647,5818.531,5878.974,5810.563,13293714241,111353199892
sz399372,大盘成长,3680.432,63.485,1.755,3616.947,3602.162,3680.432,3599.805,3091664375,82584559854
sz399373,大盘价值,7005.599,33.466,0.48,6972.133,6953.828,7016.425,6945.977,5224951704,52478664378
sz399374,中盘成长,3467.833,62.573,1.838,3405.26,3386.994,3467.833,3381.186,1652990013,41898951134
sz399375,中盘价值,4882.061,52.584,1.089,4829.477,4813.643,4882.061,4808.335,3741454524,30469396742
sz399376,小盘成长,4304.663,102.635,2.443,4202.028,4185.911,4304.663,4172.229,2834226925,41257835907
sz399377,小盘价值,6229.189,84.213,1.37,6144.976,6128.906,6229.189,6112.2,4327308013,28405138772
sz399378,ESG 300,2201.292,22.348,1.026,2178.944,2169.829,2201.292,2167.762,10234378865,179257106127
sz399379,国证基金,6504.25,99.372,1.552,6404.878,6392.819,6505.208,6384.417,94419104085,98429111845
sz399380,国证ETF,1279.871,21.19,1.684,1258.681,1256.206,1280.035,1254.481,93748009147,97139109333
sz399381,1000能源,3286.231,11.64,0.355,3274.591,3261.072,3306.677,3245.118,1493535668,13877720298
sz399382,1000材料,2309.726,27.993,1.227,2281.733,2273.611,2309.726,2269.603,3640972972,36601828042
sz399383,1000工业,2163.255,25.111,1.174,2138.144,2129.118,2163.255,2124.502,6239890866,77477127849
sz399384,1000可选,3338.809,71.262,2.181,3267.547,3262.817,3338.809,3259.9,3541989493,45608659436
sz399385,1000消费,10615.577,27.711,0.262,10587.866,10535.978,10615.577,10525.02,703761449,20898920854
sz399386,1000医药,5964.685,59.542,1.008,5905.143,5885.931,5964.685,5871.621,1003384307,28278474906
sz399387,1000金融,4194.366,27.137,0.651,4167.229,4159.677,4199.637,4156.303,6407307323,52343539041
sz399388,1000信息,3602.713,156.172,4.531,3446.541,3423.68,3602.713,3415.271,6417034255,128835328203
sz399389,国证通信,3741.032,170.871,4.786,3570.161,3548.744,3750.562,3543.776,2964492381,58087296366
sz399390,1000公用,2471.127,8.568,0.348,2462.559,2453.523,2477.859,2449.459,1481892900,9569362379
sz399391,投资时钟,3065.047,5.288,0.173,3059.759,3046.61,3065.047,3043.504,3288417028,48785198370
sz399392,国证新兴,2122.02,51.629,2.494,2070.391,2060.286,2122.02,2057.983,5649620259,127235361677
sz399393,国证地产,3016.378,44.726,1.505,2971.652,2956.545,3016.378,2949.251,1408950018,8291490129
sz399394,国证医药,8795.144,85.082,0.977,8710.062,8681.146,8795.144,8663.181,836273209,25932126993
sz399395,国证有色,4673.699,51.223,1.108,4622.476,4598.058,4673.699,4592.431,1599499897,17696276469
sz399396,国证食品,20846.188,10.901,0.052,20835.287,20729.393,20846.188,20656.732,421000563,18447892302
sz399397,国证文化,1896.411,62.317,3.398,1834.094,1830.663,1896.411,1826.234,3497799102,41031755376
sz399398,绩效指数,9942.41,116.788,1.189,9825.622,9789.368,9942.41,9766.225,1254097982,36956032296
sz399399,中经GDP,6156.815,62.897,1.032,6093.918,6073.607,6156.815,6065.636,10059031114,147913739781
sz399400,大中盘,3113.702,41.792,1.36,3071.91,3059.633,3113.702,3056.869,20131902978,329212258033
sz399401,中小盘,3449.473,75.505,2.238,3373.968,3360.143,3449.473,3352.522,21795799268,263565556913
sz399402,周期100,2630.577,31.529,1.213,2599.048,2591.554,2630.577,2589.862,5015291062,78728213392
sz399403,防御100,7571.054,82.067,1.096,7488.987,7455.198,7571.054,7449.88,2293213327,64839999391
sz399404,大盘低波,5564.332,18.686,0.337,5545.646,5527.886,5577.856,5523.501,3267001060,29592169041
sz399405,大盘高贝,1967.449,28.755,1.483,1938.694,1929.943,1967.449,1928.401,3571296141,74115145153
sz399406,中盘低波,11266.539,129.034,1.159,11137.505,11107.767,11266.539,11085.726,3726470640,27902857521
sz399407,中盘高贝,1833.231,63.719,3.601,1769.512,1756.763,1833.231,1752.904,3089012804,72416318002
sz399408,小盘低波,12908.85,136.821,1.071,12772.029,12744.809,12908.85,12705.875,3789469235,19650704648
sz399409,小盘高贝,3912.564,144.964,3.848,3767.6,3747.973,3912.564,3737.385,5370304048,66081112457
sz399410,苏州率先,1620.457,48.682,3.097,1571.775,1562.221,1620.511,1557.796,569310654,12876221068
sz399411,红利100,3408.449,27.286,0.807,3381.163,3370.396,3408.449,3363.508,3619905704,31355802194
sz399412,国证新能,2039.946,32.343,1.611,2007.603,1999.711,2039.946,1996.67,1494463310,33706882834
sz399413,国证转债,144.037,0.359,0.25,143.678,143.612,144.052,143.373,319613898,40232112714
sz399415,I100,5474.825,109.821,2.047,5365.004,5346.793,5474.825,5333.676,3739079776,68108968840
sz399416,I300,2874.624,77.478,2.77,2797.146,2786.357,2874.624,2774.124,2295867549,29342368529
sz399417,新能源车,2239.839,45.742,2.085,2194.097,2185.302,2239.839,2182.291,954048436,27906730642
sz399418,数据要素,3180.889,159.73,5.287,3021.159,3002.081,3180.889,2997.27,2831765661,55139541701
sz399419,国证高铁,1582.284,24.331,1.562,1557.953,1552.932,1582.474,1548.393,1235071299,10083527121
sz399420,国证保证,1121.709,12.789,1.153,1108.92,1107.899,1121.709,1107.446,1890222567,23213831848
sz399422,中关村A,2614.105,72.565,2.855,2541.54,2529.594,2614.284,2523.165,8275468642,107913909147
sz399423,中关村50,1950.901,57.498,3.037,1893.403,1883.005,1950.901,1877.26,1779021909,30351540576
sz399427,专利领先,2424.409,38.099,1.597,2386.31,2378.723,2424.409,2375.946,5767693555,77907716359
sz399428,国证定增,2535.907,69.8,2.83,2466.107,2455.821,2535.907,2442.467,2290356473,30441014031
sz399429,新丝路,1246.899,17.497,1.423,1229.402,1225.513,1246.899,1222.307,2546295754,21901592639
sz399431,国证银行,6121.831,3.963,0.065,6117.868,6102.9,6166.69,6088.217,2366001282,16133345072
sz399432,智能汽车,4027.884,99.087,2.522,3928.797,3915.373,4027.884,3910.86,860578273,28854670772
sz399433,国证交运,1564.51,6.575,0.422,1557.935,1554.378,1565.16,1551.88,1871943017,12530837532
sz399434,数字传媒,1752.707,77.164,4.605,1675.543,1665.887,1753.059,1660.459,3883026200,40369585948
sz399435,国证农牧,3843.97,60.2,1.591,3783.77,3775.398,3858.404,3771.212,618851744,5319991556
sz399436,绿色煤炭,4790.883,16.073,0.337,4774.81,4741.716,4818.145,4711.628,964956214,9283596359
sz399437,证券龙头,5103.876,78.842,1.569,5025.034,5029.288,5103.876,5027.924,1728967443,20194810665
sz399438,绿色电力,1865.27,12.117,0.654,1853.153,1846.224,1865.27,1842.444,1298591143,8719649492
sz399439,国证油气,1672.289,15.426,0.931,1656.863,1654.507,1674.488,1650.323,1575757907,11053064935
sz399440,国证钢铁,1138.759,8.723,0.772,1130.036,1127.408,1139.155,1122.863,1139891505,4708867977
sz399441,生物医药,2364.029,36.252,1.557,2327.777,2316.761,2364.029,2311.707,351060468,12819519941
sz399481,企债指数,126.69,0.01,0.008,126.68,126.68,126.69,126.676,84868670,8458584960
sz399550,央视50,6710.197,55.564,0.835,6654.633,6631.67,6710.197,6624.055,1812787289,39515449449
sz399551,央视创新,7254.49,237.884,3.39,7016.606,6972.968,7254.49,6957.396,1870422214,42281650240
sz399552,央视成长,7588.88,48.568,0.644,7540.312,7518.495,7588.88,7509.22,1663606315,33520521209
sz399553,央视回报,6672.819,71.003,1.076,6601.816,6576.414,6672.819,6564.777,827088576,26046651650
sz399554,央视治理,6653.466,53.247,0.807,6600.219,6575.116,6653.466,6563.504,2218749940,36974136209
sz399555,央视责任,4582.51,35.332,0.777,4547.178,4530.796,4582.51,4525.354,2075577045,29337873705
sz399556,央视生态,2160.283,24.459,1.145,2135.824,2128.216,2160.283,2123.969,1445761982,31699143874
sz399557,央视文化,1543.166,51.22,3.433,1491.946,1489.686,1543.166,1486.437,3497799102,41031755376
sz399602,中小成长,837.276,19.825,2.425,817.451,814.697,837.276,813.241,2548416275,44253437902
sz399604,中小价值,1658.272,24.127,1.476,1634.145,1628.338,1658.272,1623.828,2176551932,21146806999
sz399606,创业板R,1935.373,45.608,2.413,1889.765,1880.905,1935.373,1878.039,1991626776,68807770053
sz399608,科技100,2405.883,64.335,2.748,2341.548,2331.613,2405.883,2327.755,3004600336,82922702142
sz399610,TMT50,5054.794,209.781,4.33,4845.013,4812.73,5054.827,4801.049,2983887426,69389358726
sz399611,中创100R,1943.91,42.065,2.212,1901.845,1893.676,1943.91,1891.435,3198925427,87186076135
sz399612,中创100,1704.274,36.88,2.212,1667.394,1660.233,1704.274,1658.268,3198925427,87186076135
sz399613,深证能源,3213.909,39.263,1.237,3174.646,3160.122,3214.193,3151.401,227084879,1873045485
sz399614,深证材料,2469.465,38.545,1.586,2430.92,2420.968,2469.465,2416.243,1951332316,21719508775
sz399615,深证工业,2598.492,36.637,1.43,2561.855,2550.916,2598.492,2542.904,3128450797,47922525419
sz399616,深证可选,5157.335,117.228,2.326,5040.107,5036.918,5157.501,5029.082,2563327234,35756065300
sz399617,深证消费,10451.285,71.532,0.689,10379.753,10338.747,10458.757,10334.704,260623391,8034905826
sz399618,深证医药,9088.91,105.07,1.17,8983.84,8950.148,9088.91,8931.025,681311495,16214750283
sz399619,深证金融,5250.182,78.515,1.518,5171.667,5169.763,5250.182,5167.403,1631502409,14744303740
sz399620,深证信息,3450.338,136.528,4.12,3313.81,3292.503,3450.338,3283.578,6047622991,102921921370
sz399621,深证电信,3759.219,248.78,7.087,3510.439,3485.327,3786.059,3474.297,973472493,33922548348
sz399622,深证公用,1612.136,14.818,0.928,1597.318,1589.63,1612.136,1584.768,501153399,2770500699
sz399623,中小基础,6289.585,152.242,2.481,6137.343,6112.69,6289.585,6098.739,9822254244,117550473453
sz399624,中创400,1706.523,51.201,3.093,1655.322,1648.343,1706.523,1642.821,10303396916,125778049315
sz399625,中创500,1554.324,39.513,2.608,1514.811,1508.361,1554.324,1505.266,13502322343,212964125450
sz399626,中创成长,1170.515,27.963,2.447,1142.552,1137.71,1170.515,1136.371,3184809937,83796515654
sz399627,中创价值,1836.582,36.756,2.042,1799.826,1794.09,1836.582,1790.42,4090172107,48237257237
sz399628,700成长,1551.28,43.087,2.857,1508.193,1501.97,1551.28,1496.323,2878143820,40633136962
sz399629,700价值,2206.363,43.92,2.031,2162.443,2154.795,2206.363,2147.386,4865670970,36235797266
sz399630,1000成长,1108.915,24.501,2.259,1084.414,1079.858,1108.915,1078.661,6397262615,129055141222
sz399631,1000价值,1823.46,31.278,1.745,1792.182,1788.005,1823.46,1784.406,9209178979,90804978018
sz399632,深100EW,3946.19,72.45,1.87,3873.74,3855.867,3946.19,3850.937,4476800885,104942772923
sz399633,深300EW,4345.799,93.29,2.194,4252.509,4234.058,4345.799,4223.282,10340318561,193072821089
sz399634,中小等权,2910.696,70.171,2.47,2840.525,2828.321,2910.696,2821.645,3872115272,64193844263
sz399635,创业板EW,1397.331,36.592,2.689,1360.739,1353.103,1397.331,1349.239,1991626776,68807770053
sz399636,深证装备,3811.253,96.427,2.596,3714.826,3693.595,3811.253,3684.945,2298761144,57628055217
sz399637,深证地产,1658.01,28.282,1.735,1629.728,1622.638,1658.01,1616.096,489146339,2475425570
sz399638,深证环保,4157.522,67.662,1.654,4089.86,4074.469,4157.522,4067.529,1124464890,25882232814
sz399639,深证大宗,1607.608,20.141,1.269,1587.467,1579.996,1607.608,1578.555,1147346478,14245661331
sz399640,创业基础,1731.949,48.929,2.907,1683.02,1675.125,1731.949,1670.737,11513831518,180870434149
sz399641,深证新兴,1795.989,46.285,2.645,1749.704,1742.891,1795.989,1739.812,7449303341,162597443502
sz399642,中小新兴,1515.328,44.918,3.055,1470.41,1463.643,1515.328,1460.338,3964520087,65053956111
sz399643,创业新兴,2140.886,53.134,2.545,2087.752,2077.361,2140.886,2073.603,2547869306,74210212701
sz399644,深证时钟,3259.737,27.673,0.856,3232.064,3223.236,3259.737,3219.073,2725206310,34121880948
sz399645,100低波,8255.676,79.785,0.976,8175.891,8147.136,8255.676,8136.065,1913929754,37725655909
sz399646,深消费50,7403.593,113.573,1.558,7290.02,7279.58,7403.593,7273.849,1410537472,29295936621
sz399647,深医药50,8780.81,94.012,1.082,8686.798,8654.292,8780.856,8636.133,583676148,14537032688
sz399648,深证GDP,9098.775,143.431,1.602,8955.344,8930.053,9098.775,8911.652,3681096753,69244367134
sz399649,中小红利,2658.687,31.926,1.215,2626.761,2618.038,2659.106,2610.327,1149967363,10846152999
sz399650,中小治理,1943.351,36.668,1.923,1906.683,1896.001,1943.351,1889.734,883836717,18559899486
sz399651,中小责任,1389.124,21.701,1.587,1367.423,1360.837,1389.124,1358.302,1264525077,22568766856
sz399652,中创高新,2570.288,115.288,4.696,2455.0,2441.731,2570.288,2430.461,1552222707,31714371975
sz399653,深证龙头,2180.38,43.603,2.041,2136.777,2128.873,2180.38,2127.204,2977822520,66778395606
sz399654,深证文化,2239.515,90.99,4.235,2148.525,2142.423,2239.515,2136.553,4545704437,48692340258
sz399655,深证绩效,9776.874,130.311,1.351,9646.563,9611.061,9776.874,9577.368,1514324324,37325064817
sz399656,100绩效,5190.795,79.492,1.555,5111.303,5087.534,5190.795,5083.332,4476800885,104942772923
sz399657,300绩效,5327.599,101.959,1.951,5225.64,5202.817,5327.599,5189.889,10340318561,193072821089
sz399658,中小绩效,3460.226,73.901,2.182,3386.325,3371.189,3460.226,3362.219,3872115272,64193844263
sz399659,深成指EW,3265.997,74.754,2.342,3191.243,3178.826,3265.997,3169.85,15667918191,246927777530
sz399660,中创EW,1789.223,39.318,2.247,1749.905,1740.533,1789.223,1737.059,3198925427,87186076135
sz399661,深证低波,4964.282,57.348,1.169,4906.934,4894.047,4964.282,4881.76,3619468459,39416338643
sz399662,深证高贝,1401.836,44.725,3.296,1357.111,1348.52,1401.839,1345.703,4303081657,119669216834
sz399663,中小低波,1622.381,21.324,1.332,1601.057,1597.38,1622.381,1591.889,2216409133,22214269086
sz399664,中小高贝,900.297,29.963,3.443,870.334,864.652,900.297,862.074,3217317512,57775508504
sz399665,中创低波,1746.659,29.059,1.692,1717.6,1712.44,1746.659,1706.63,4149743153,51597420888
sz399666,中创高贝,1203.054,44.822,3.87,1158.232,1151.192,1203.054,1147.794,6056535100,133926513093
sz399667,创业成长,2742.926,75.171,2.818,2667.755,2655.341,2742.926,2650.835,2155628140,57564826149
sz399668,创业板V,3346.347,93.398,2.871,3252.949,3236.385,3346.347,3230.869,2346477433,30605059387
sz399669,深证农业,8203.757,70.783,0.87,8132.974,8104.236,8203.757,8095.208,645004915,12323505397
sz399670,深周期50,2704.614,55.495,2.095,2649.119,2642.193,2704.614,2639.74,2691351185,47628367261
sz399671,深防御50,7063.69,133.344,1.924,6930.346,6900.646,7063.69,6892.513,1257643385,40568130731
sz399672,深红利50,3919.128,43.925,1.133,3875.203,3868.411,3919.128,3856.741,880582326,9292774197
sz399673,创业板50,1700.943,41.748,2.516,1659.195,1651.141,1700.943,1649.285,1437183622,57457502622
sz399674,深A医药,1932.053,27.053,1.42,1905.0,1898.389,1932.053,1892.842,2020643181,29850107843
sz399675,深互联网,2500.054,120.487,5.063,2379.567,2364.997,2500.054,2356.308,5787884782,77822902603
sz399676,深医药EW,2950.146,55.957,1.933,2894.189,2883.886,2950.146,2866.968,2020643181,29850107843
sz399677,深互联EW,3725.597,156.061,4.372,3569.536,3545.315,3725.597,3529.663,5787884782,77822902603
sz399678,深次新股,495.867,16.321,3.403,479.546,476.823,495.867,474.19,525773485,15397247726
sz399679,深证200R,4008.745,100.464,2.571,3908.281,3890.185,4008.745,3878.585,5863517676,88130048165
sz399680,深成能源,753.631,6.792,0.909,746.839,742.126,755.037,739.684,141861398,1450925524
sz399681,深成材料,853.471,12.818,1.525,840.653,837.195,853.471,835.779,1784301648,19581986531
sz399682,深成工业,1156.53,15.01,1.315,1141.52,1136.435,1156.53,1133.151,2289512603,37852127166
sz399683,深成可选,1512.392,36.045,2.441,1476.347,1478.297,1512.534,1475.534,2012003100,25733396039
sz399684,深成消费,2095.928,14.44,0.694,2081.488,2073.561,2095.928,2071.815,410251609,9650157066
sz399685,深成医药,1840.157,21.183,1.165,1818.974,1812.195,1840.168,1808.316,668756109,15992741319
sz399686,深成金融,1581.27,27.04,1.74,1554.23,1556.6,1581.27,1556.044,1960913291,16312561119
sz399687,深成信息,2302.76,90.478,4.09,2212.282,2198.019,2302.76,2192.153,5107636806,89009661621
sz399688,深成电信,1954.944,141.102,7.779,1813.842,1800.509,1972.234,1794.826,648988377,27413226720
sz399689,深成公用,831.95,8.036,0.975,823.914,819.571,831.95,817.339,440944018,2377092198
sz399690,中小专利,2232.372,33.162,1.508,2199.21,2188.942,2232.372,2184.276,1433333070,17005518666
sz399691,创业专利,1853.282,67.912,3.804,1785.37,1782.454,1853.282,1770.141,570675385,15406780744
sz399692,创业低波,3005.669,62.582,2.126,2943.087,2932.204,3005.669,2918.784,1247434839,23929201720
sz399693,安防产业,3632.147,169.631,4.899,3462.516,3448.947,3632.147,3434.916,1727323683,28759243331
sz399694,创业高贝,2218.497,96.084,4.527,2122.413,2108.212,2218.497,2102.674,3194367007,85488877192
sz399695,深证节能,1945.337,37.144,1.947,1908.193,1901.107,1945.349,1894.485,2054398203,36450649097
sz399696,深证创投,2360.035,79.429,3.483,2280.606,2269.076,2360.035,2259.565,3787578821,53393521938
sz399697,中关村60,2857.206,102.536,3.722,2754.67,2742.388,2857.235,2734.282,2567809248,37720153136
sz399698,优势成长,30414.324,762.545,2.572,29651.779,29556.848,30414.324,29300.34,150722038,1953188122
sz399699,金融科技,2886.621,110.447,3.978,2776.174,2767.354,2886.621,2761.263,2628749783,40639812909
sz399701,深证F60,7095.637,76.007,1.083,7019.63,7004.724,7095.637,6994.554,3999192163,57419772597
sz399702,深证F120,6426.375,78.336,1.234,6348.039,6332.003,6426.375,6322.721,6125298621,86196225896
sz399703,深证F200,6214.092,81.428,1.328,6132.664,6115.979,6214.092,6106.579,8151280892,118177564679
sz399704,深证上游,3947.781,62.313,1.604,3885.468,3864.858,3947.781,3860.433,1065371782,12960600321
sz399705,深证中游,2374.286,61.266,2.649,2313.02,2300.31,2374.286,2294.996,4728244889,104854932952
sz399706,深证下游,5319.25,95.687,1.832,5223.563,5209.462,5319.25,5202.914,2941967994,66626632379
sz399707,CSSW证券,5033.954,86.744,1.753,4947.21,4947.457,5033.954,4946.063,3292264085,29655368957
sz399750,深主板50,7757.366,127.5,1.671,7629.866,7608.942,7757.366,7599.58,3128618327,58157310718
sz399802,500深市,4529.844,111.546,2.525,4418.298,4399.916,4529.852,4386.315,7341442128,89691620342
sz399803,工业4.0,3236.733,114.906,3.681,3121.827,3106.04,3236.733,3097.53,2537897383,60602198920
sz399804,中证体育,1493.875,51.139,3.545,1442.736,1434.928,1493.875,1428.829,1384681338,16132874876
sz399805,互联金融,2300.533,73.769,3.313,2226.764,2219.052,2300.533,2214.048,2705415609,32007705180
sz399806,环境治理,1004.104,14.262,1.441,989.842,985.941,1004.104,980.398,899623955,5142131189
sz399807,高铁产业,1190.292,6.213,0.525,1184.079,1178.9,1190.891,1175.814,1081591442,7352789601
sz399808,中证新能,1968.502,28.239,1.455,1940.263,1930.575,1968.502,1925.992,1836409494,37322373449
sz399809,保险主题,1675.796,1.314,0.078,1674.482,1667.113,1677.966,1659.601,1778054069,18647274321
sz399810,CSSW传媒,2530.686,96.342,3.958,2434.344,2421.48,2530.686,2411.956,4877724491,51393668248
sz399811,CSSW电子,2700.495,104.529,4.027,2595.966,2580.159,2700.495,2573.848,2686498018,60075412101
sz399812,养老产业,5670.12,59.955,1.069,5610.165,5594.226,5670.12,5569.705,1028815937,22245927579
sz399813,中证国安,4744.781,186.888,4.1,4557.893,4543.233,4744.781,4529.021,4514347802,71446199083
sz399814,大农业,991.179,8.351,0.85,982.828,979.822,991.179,978.412,757062898,11116865250
sz399850,深证50,6403.814,126.42,2.014,6277.394,6259.294,6403.814,6254.512,2981350485,81092140777
sz399852,中证1000,5394.034,138.638,2.638,5255.396,5237.105,5394.034,5218.586,18262237200,183476438079
sz399901,小康指数,5230.309,33.862,0.652,5196.447,5177.951,5230.309,5173.087,5343776600,62285460353
sz399903,中证100,3305.218,39.567,1.212,3265.651,3253.158,3305.218,3250.408,5940243100,121509935498
sz399905,中证 500,5307.804,112.34,2.162,5195.464,5174.819,5307.804,5160.878,13897175100,157201596730
sz399913,300 医药,8351.26,76.343,0.923,8274.917,8248.155,8351.26,8229.643,383817700,15247426294
sz399914,300 金融,5064.042,24.51,0.486,5039.532,5030.152,5075.504,5024.292,3956034200,37158245692
sz399928,中证能源,3108.217,10.364,0.335,3097.853,3083.905,3127.648,3069.797,1260040600,12696364113
sz399932,中证消费,17206.299,50.815,0.296,17155.484,17072.648,17206.299,17061.551,523467300,17485962125
sz399933,中证医药,8298.952,77.213,0.939,8221.739,8195.695,8298.952,8177.552,931401700,25994069052
sz399934,中证金融,4788.499,31.658,0.666,4756.841,4747.3,4791.832,4743.715,6330940100,52590641230
sz399935,中证信息,3602.988,148.661,4.304,3454.327,3431.943,3602.988,3423.663,3913395500,95449810873
sz399959,军工指数,1240.999,29.593,2.443,1211.406,1204.036,1240.999,1202.1,513124451,11244348536
sz399965,800地产,2820.978,39.283,1.412,2781.695,2766.469,2820.978,2761.439,572868324,4594105572
sz399966,800非银,4794.756,62.812,1.327,4731.944,4727.999,4794.756,4725.795,2956964561,29681656595
sz399967,中证军工,9034.725,259.836,2.961,8774.889,8737.546,9034.725,8723.172,1359040014,23285731628
sz399970,移动互联,2618.684,116.471,4.655,2502.213,2489.3,2618.684,2483.956,6266695299,112007159387
sz399971,中证传媒,1125.453,43.229,3.994,1082.224,1077.519,1125.503,1073.571,3300382739,36630395907
sz399972,300深市,4009.066,75.07,1.908,3933.996,3920.017,4009.066,3916.067,4818914713,116790995674
sz399973,中证国防,1248.809,33.037,2.717,1215.772,1209.154,1248.809,1206.042,586050573,12245131522
sz399974,国企改革,1566.103,21.422,1.387,1544.681,1538.35,1566.103,1536.861,4735811385,83954652600
sz399975,证券公司,659.421,11.391,1.758,648.03,648.108,659.421,647.904,3304580433,29705084042
sz399976,CS新能车,2630.199,51.12,1.982,2579.079,2568.187,2630.199,2563.496,797253362,25524333545
sz399982,500等权,6603.167,127.643,1.971,6475.524,6452.583,6603.167,6432.82,13897175100,157201596730
sz399983,地产等权,2673.804,38.687,1.468,2635.117,2621.778,2675.794,2616.056,356126734,2567797938
sz399986,中证银行,5853.486,4.0,0.068,5849.486,5835.41,5895.154,5820.847,2672875823,17300554798
sz399987,中证酒,6564.131,10.326,0.158,6553.805,6516.179,6564.131,6490.537,240662946,13551548912
sz399989,中证医疗,7210.764,68.01,0.952,7142.754,7109.1,7210.764,7075.758,513661493,15103517985
sz399990,煤炭等权,3108.919,14.322,0.463,3094.597,3079.221,3120.542,3060.227,1030339377,9546955269
sz399991,一带一路,1889.427,28.619,1.538,1860.808,1852.989,1889.427,1850.125,4265692228,54145880779
sz399992,CSWD并购,1459.589,30.966,2.168,1428.623,1420.292,1459.589,1414.09,1367930509,15270385299
sz399993,CSWD生科,2657.683,43.264,1.655,2614.419,2602.348,2657.683,2594.074,638653400,17885286479
sz399994,信息安全,1394.605,78.942,6.0,1315.663,1308.086,1394.605,1304.016,2768396286,43820058250
sz399995,基建工程,3570.382,38.953,1.103,3531.429,3518.759,3570.382,3512.368,1618916277,9967025543
sz399996,智能家居,2475.168,81.897,3.422,2393.271,2377.674,2475.168,2369.137,3985280978,70740386166
sz399997,中证白酒,12006.53,-1.593,-0.013,12008.123,11939.359,12006.53,11876.566,133045083,11872865097
sz399998,中证煤炭,2521.702,6.303,0.251,2515.399,2500.267,2536.822,2482.974,1030339377,9546955269
sz980015,疫苗生科,7790.562,129.215,1.687,7661.347,7626.152,7790.562,7613.167,483374359,16149396227
sz980016,公卫健康,6320.832,65.456,1.046,6255.376,6233.288,6320.832,6223.265,638177016,19280747618
sz980028,龙头家电,10229.489,150.651,1.495,10078.838,10045.531,10229.489,10014.87,369332484,9563115371
sz980030,消费电子,4063.391,111.024,2.809,3952.367,3933.143,4063.391,3925.544,1746894804,26812058099
sz980032,新能电池,8252.068,154.986,1.914,8097.082,8069.983,8252.068,8051.769,587127407,19574714057
