序号,内部编号,代码,名称,最新价,涨跌额,涨跌幅,今开,最高,最低,昨收,成交量,成交额
1,124,HSTECF2L,恒生科技指期货2倍杠杆指数,293.09,18.27,6.65,280.41,294.79,271.12,274.82,0.0,
2,124,HST2LT,恒生科指股息累计2倍杠杆指数,1410.81,85.61,6.46,1352.85,1416.59,1303.94,1325.2,0.0,
3,124,HSTECH2L,恒生科指2倍杠杆指数,1177.81,71.47,6.46,1129.42,1182.63,1088.59,1106.34,0.0,
4,124,HSAMI,恒生汽车主题指数,3008.97,179.07,6.33,2910.44,3017.28,2898.82,2829.9,0.0,11598128640.0
5,124,HSCAITH,恒生A股资讯科技器材指数,3162.82,177.48,5.95,2963.89,3168.91,2958.03,2985.34,0.0,46096865280.0
6,124,HSCASS,恒生A股软件服务指数,2126.2,106.81,5.29,2008.99,2126.2,2003.34,2019.39,0.0,59400837632.0
7,124,HSSSHAE,恒生沪深港智能及电动车指数,5632.22,279.17,5.22,5439.28,5639.4,5436.63,5353.05,0.0,35264933120.0
8,124,HSSSHTS,恒生沪深港科技精选50指数,4689.03,227.44,5.1,4432.95,4689.66,4417.65,4461.59,0.0,22357723648.0
9,124,HSCASI,恒生A股软件开发指数,2468.58,118.57,5.05,2337.67,2468.58,2330.12,2350.01,0.0,28093314560.0
10,124,HSBAIT,恒生沪深港通大湾区IT业指数,2827.4,133.23,4.95,2681.19,2828.13,2662.68,2694.17,0.0,26959522816.0
11,125,990001,中华半导体芯片行业指数,6107.16,274.15,4.7,5794.42,6108.3,5767.6,5833.01,0.0,33704295936.0
12,124,HSCASEMI,恒生A股半导体指数,3369.94,149.74,4.65,3199.89,3370.47,3186.83,3220.2,0.0,41195536896.0
13,125,CESHKB,中华香港生物科技,4275.14,151.7,3.68,4158.46,4280.81,4117.8,4123.44,0.0,2642070800.0
14,124,HSCAEC,恒生A股电子零件指数,2880.25,99.34,3.57,2766.39,2880.25,2756.68,2780.91,0.0,22690834944.0
15,124,HSCICD,恒生非必需性消费指数,2360.89,79.38,3.48,2321.86,2365.98,2294.66,2281.51,0.0,18431159808.0
16,124,HSSCCD,恒生港股通非必需性消费指数,1620.48,54.08,3.45,1593.71,1623.63,1574.85,1566.4,0.0,16833448960.0
17,124,HSSCCDI,恒生港股通非必需性消费(可投资),1646.84,54.27,3.41,1620.9,1650.32,1600.05,1592.57,0.0,16537134848.0
18,124,HSIDI,恒生创新药指数,1653.15,54.3,3.4,1611.26,1656.71,1597.21,1598.85,0.0,3157186512.0
19,124,HSSCNE,恒生港股通新经济指数,2616.85,85.92,3.39,2565.7,2622.11,2522.07,2530.93,0.0,29353249792.0
20,124,HSSSHNC,恒生沪深港新世代通讯指数,4605.71,149.3,3.35,4440.6,4609.96,4424.98,4456.41,0.0,39724378880.0
21,124,HSSCPB,恒生港股通创新药精选指数,1322.66,42.59,3.33,1290.64,1324.57,1278.55,1280.07,0.0,3239681248.0
22,124,HSTECHF,恒生科技指期货指数,1233.27,39.63,3.32,1205.73,1236.95,1185.55,1193.64,0.0,
23,124,HSTECHT,恒生科技指数股息累计指数,3832.06,120.2,3.24,3750.8,3840.16,3682.29,3711.86,0.0,28918573056.0
24,124,HSTECH,恒生科技指数,3503.17,109.88,3.24,3428.89,3510.57,3366.26,3393.29,934706896.0,28918573056.0
25,124,HSTECHN,恒生科技指数净股息累计指数,3831.24,120.16,3.24,3750.0,3839.34,3681.51,3711.08,0.0,28918573056.0
26,124,HSSCID,恒生港股通创新药指数,1892.0,58.7,3.2,1846.91,1894.67,1829.46,1833.3,0.0,3188529248.0
27,124,HSAIT,恒生人工智能主题指数,2511.68,76.95,3.16,2462.93,2516.02,2422.99,2434.73,0.0,28421317120.0
28,124,HSCEF2L,恒生中国企业期货2倍杠杆指数,4667.32,142.73,3.15,4564.43,4679.09,4433.79,4524.59,0.0,
29,124,HSCARI,恒生A股机器人主题指数,4326.49,128.77,3.07,4180.38,4326.49,4161.89,4197.72,0.0,22315465984.0
30,124,HSSCCI,恒生港股通消费行业(可投资),1614.3,47.83,3.05,1591.94,1618.18,1571.34,1566.47,0.0,18958658048.0
31,124,HSCSSE,恒生A股专精特新企业指数,4520.84,132.68,3.02,4363.4,4520.84,4347.6,4388.16,0.0,25240159488.0
32,124,HSSCESI,恒生港股通医疗保健(可投资),812.76,23.45,2.97,786.48,814.97,778.66,789.31,0.0,566391824.0
33,124,HSHKBIO,恒生香港上市生物科技指数,874.93,25.23,2.97,854.37,876.39,845.67,849.7,0.0,3782121344.0
34,124,HSCAAI,恒生A股汽车指数,5081.67,145.21,2.94,4934.75,5082.26,4934.75,4936.46,0.0,26034957568.0
35,124,HSSCHES,恒生港股通医疗保健设备和服务,813.27,22.99,2.91,788.32,815.63,780.02,790.28,0.0,571005616.0
36,124,HSCEI2LI,恒生国指股息累计2倍杠杆指数,3224.91,91.07,2.91,3151.55,3238.76,3071.28,3133.84,0.0,
37,124,HSCEILI,恒生国企杠杆指数,974.26,27.51,2.91,952.1,978.44,927.85,946.75,0.0,
38,124,HSSCPOE,恒生港股通中国民企指数,2162.37,60.36,2.87,2125.22,2166.25,2089.0,2102.01,0.0,28387391744.0
39,124,HSSCC,恒生港股通消费行业指数,1594.47,44.13,2.85,1573.09,1598.0,1552.82,1550.34,0.0,19277602816.0
40,124,HSSCHI,恒生港股通中国内地医疗保健指数,1920.2,52.79,2.83,1875.93,1923.5,1855.59,1867.41,0.0,3657347392.0
41,124,HSHCI,恒生医疗保健指数,2470.23,65.92,2.74,2415.63,2473.94,2391.57,2404.31,0.0,4694245376.0
42,124,HSCICH,恒生医疗保健业指数,7915.39,206.58,2.68,7746.65,7926.77,7665.23,7708.81,0.0,4694245376.0
43,124,HSSCPBI,恒生港股通药品及生技(可投资),1335.21,34.5,2.65,1307.44,1337.24,1294.52,1300.71,0.0,4120398432.0
44,125,H11144,HKT内地消费,964.7,22.69,2.41,950.03,967.41,934.42,942.01,6447230.0,23079707648.0
45,124,HSCAICE,恒生A股工业零件及器材指数,3219.74,75.68,2.41,3125.58,3219.74,3112.42,3144.06,0.0,33168810496.0
46,124,HSPOE,恒生中国民企指数,2440.03,57.35,2.41,2401.6,2444.54,2358.4,2382.68,0.0,34117225216.0
47,124,HSBANE,恒生沪深港通大湾区新经济指数,4898.87,112.26,2.35,4782.17,4899.57,4767.75,4786.61,0.0,64681590272.0
48,124,HSCCNFI,恒生沪深港通中国新基建指数,3996.33,89.72,2.3,3891.48,3999.04,3859.54,3906.61,0.0,69347356672.0
49,124,HSCMI,恒生中国元宇宙指数,3691.08,82.09,2.27,3594.88,3691.87,3577.61,3608.99,0.0,26821362176.0
50,124,HSCSS50,恒生A股专精特新50指数,1727.28,38.06,2.25,1679.58,1727.28,1674.48,1689.22,0.0,11763723776.0
51,124,HSNCON,恒生新消费指数,3427.58,74.99,2.24,3388.36,3436.27,3325.28,3352.59,0.0,26439334400.0
52,124,HSBAI50,恒生沪深港通大湾区创新50指数,5066.99,110.01,2.22,4951.74,5067.09,4933.71,4956.98,0.0,32286809600.0
53,124,HSCANEM,恒生A股新能源物料指数,5136.11,111.09,2.21,5002.6,5136.11,4983.62,5025.02,0.0,14900399104.0
54,124,HSHBI,恒生增幅指数,2781.02,59.25,2.18,2737.76,2786.3,2682.16,2721.77,714271552.0,25303503616.0
55,124,HSCESGE,恒生国指ESG增强指数,3163.32,66.36,2.14,3118.55,3169.77,3065.97,3096.96,0.0,41261904128.0
56,124,HSCAIE,恒生A股创业指数,5774.93,120.2,2.13,5631.05,5774.93,5625.06,5654.73,0.0,45458862592.0
57,124,HSCACSI,恒生A股充电桩基础设施主题指数,6963.77,144.06,2.11,6792.35,6963.77,6760.01,6819.71,0.0,12785984256.0
58,124,HSCAAD,恒生A股航空航天与国防指数,3676.24,73.43,2.04,3580.07,3676.24,3572.64,3602.81,0.0,7243509760.0
59,124,HSCASUS,恒生A股可持续发展企业指数,2838.25,56.63,2.04,2777.47,2838.25,2773.88,2781.62,0.0,36461404672.0
60,124,HSFCCI,恒生外国公司综合指数,3126.21,59.97,1.96,3126.21,3126.21,3126.21,3066.24,0.0,1676645040.0
61,124,HSCAP,恒生A股地产指数,1471.17,28.01,1.94,1436.05,1471.17,1432.79,1443.16,0.0,7136265984.0
62,124,HSCAUPG,恒生A股电网设备指数,5315.66,98.68,1.89,5193.69,5315.66,5173.35,5216.98,0.0,21673798144.0
63,124,HSSSHID,恒生沪深港创新药精选50指数,5353.92,98.4,1.87,5265.47,5356.28,5239.23,5255.52,0.0,15199511296.0
64,124,HSSCSI,恒生港股通软件及半导体(可投资),1235.78,22.63,1.87,1212.11,1239.44,1178.6,1213.15,0.0,15193154560.0
65,124,HSILI,恒指杠杆指数,5159.62,94.44,1.86,5071.3,5182.66,4954.19,5065.18,0.0,
66,124,HSSCITI,恒生港股通资讯科技业(可投资),1483.68,26.98,1.85,1455.14,1487.62,1418.13,1456.7,0.0,17925687808.0
67,124,HSSCSS,恒生港股通软件及半导体指数,1233.69,22.42,1.85,1210.23,1237.52,1176.9,1211.27,0.0,15198357248.0
68,124,HSU,恒生公用事业指数,34579.36,627.96,1.85,33921.46,34673.41,33880.15,33951.4,46781308.0,1197180320.0
69,124,HSUNTRI,恒生公用事业分类指数(NTR),142733.17,2592.02,1.85,140017.57,143121.37,139847.06,140141.15,0.0,1197180320.0
70,124,HSUGTRI,恒生公用事业分类指数(GTR),142848.48,2594.11,1.85,140130.69,143236.99,139960.03,140254.37,0.0,1197180320.0
71,124,HSSCIT,恒生港股通资讯科技业指数,1479.91,26.44,1.82,1451.95,1484.07,1415.14,1453.47,0.0,17945370624.0
72,124,HSSCT,恒生港股通中国科技指数,3832.0,68.42,1.82,3756.14,3843.58,3663.64,3763.58,0.0,17989459968.0
73,125,H11152,内地民营,1065.69,18.8,1.8,1051.1,1067.63,1032.1,1046.89,7221884.0,33245090048.0
74,124,HSCAOF,恒生A股其他金融指数,2521.06,44.19,1.78,2474.78,2521.06,2474.16,2476.87,0.0,33029419520.0
75,124,HSCASC,恒生A股特殊化工用品指数,3304.23,57.78,1.78,3239.73,3304.23,3229.83,3246.45,0.0,14747113472.0
76,124,HSSSHGO,恒生沪深港基因及肿瘤学指数,3996.39,69.58,1.77,3934.98,4000.5,3907.1,3926.81,0.0,9838304512.0
77,124,HSCASCI,恒生A股规模全选指数,2870.61,49.64,1.76,2810.85,2870.61,2805.2,2820.97,0.0,417424424960.0
78,124,HSBAI,恒生沪深港通大湾区工业指数,3778.07,65.26,1.76,3695.82,3779.06,3682.36,3712.81,0.0,19666079744.0
79,124,HSCEIEK,恒生国指ESG韩元每日重置,1541.8,26.03,1.72,1541.8,1541.8,1541.8,1515.77,0.0,
80,124,HSCEIESG,恒生国指ESG指数,1672.8,28.23,1.72,1651.56,1676.85,1631.71,1644.57,0.0,45379899392.0
81,124,HSCEEKH,恒生国指ESG韩元对冲指数,1640.34,27.62,1.71,1640.34,1640.34,1640.34,1612.72,0.0,
82,124,HSCELKER,恒生国指1.2倍韩元重置额外回报,658.88,11.07,1.71,658.88,658.88,658.88,647.81,0.0,
83,124,HSCAPI,恒生A股药品指数,2489.52,41.37,1.69,2441.6,2489.52,2435.41,2448.15,0.0,11180418816.0
84,124,HSCEENKH,恒生国指ESG韩元对冲40逐减,515.33,8.55,1.69,515.33,515.33,515.33,506.78,0.0,
85,124,HSFML25,恒生中国内地25,5931.48,97.3,1.67,5863.39,5943.94,5800.19,5834.18,1384964528.0,31535719168.0
86,124,HSCASSI,恒生A股规模智选指数,2832.81,46.07,1.65,2776.97,2832.81,2772.09,2786.74,0.0,243400163328.0
87,124,HSBAGFZ,恒生沪深港通大湾区广佛肇指数,2863.67,46.46,1.65,2816.77,2864.45,2807.03,2817.21,0.0,14693493504.0
88,124,HSCAII,恒生A股(可投资)指数,1897.17,30.6,1.64,1859.68,1897.17,1857.07,1866.57,0.0,527962013696.0
89,124,HSBACG,恒生沪深港通大湾区消费品指数,6410.28,102.61,1.63,6308.82,6413.33,6292.53,6307.67,0.0,19920025088.0
90,124,HSCENCC,国指NTR备兑认购期权指数,7164.85,112.85,1.6,7039.28,7179.93,6975.35,7052.0,0.0,
91,124,HSCECC,国指备兑认购期权指数,4006.87,63.11,1.6,3936.64,4015.3,3900.9,3943.76,0.0,
92,124,HSCAOMM,恒生A股其他金属及矿物指数,3195.25,50.09,1.59,3128.98,3195.25,3122.8,3145.16,0.0,10665711616.0
93,124,HSCAE50,恒生A股通ESG50指数,9118.24,142.0,1.58,8953.32,9118.24,8944.2,8976.24,0.0,52645412608.0
94,124,HSCEFI,恒生中国企业期货指数,7379.41,114.3,1.57,7296.81,7388.86,7191.92,7265.11,0.0,
95,124,HSCEFKH,恒生国指韩元对冲3.4%逐减总回报,1280.31,19.83,1.57,1280.31,1280.31,1280.31,1260.48,0.0,
96,124,HSCAESU,恒生A股能源储存装置指数,3817.4,59.02,1.57,3742.13,3817.4,3729.2,3758.38,0.0,13299627520.0
97,125,CES280,中华280,5683.96,87.82,1.57,5576.11,5687.29,5557.51,5596.14,0.0,149702647808.0
98,124,HSSCB50,恒生沪深港通生物科技50指数,3472.3,53.22,1.56,3418.27,3473.85,3404.16,3419.08,0.0,19226728960.0
99,124,HSCEFRFI,恒生中国企业期货人民币外汇指数,6361.85,96.35,1.54,6291.47,6370.1,6201.14,6265.5,0.0,
100,124,HSSNCON,恒生沪深港消费指数,5226.46,78.75,1.53,5168.24,5232.07,5131.21,5147.71,0.0,47642617856.0
101,124,HSCAQCI,恒生A股质量全选指数,3251.5,48.58,1.52,3190.22,3251.5,3185.76,3202.92,0.0,417424424960.0
102,124,HSCAMCI,恒生A股动量全选指数,3876.41,57.58,1.51,3804.62,3876.41,3798.73,3818.83,0.0,417424424960.0
103,124,HSCEJPYH,恒生国指日圆对冲指数,394.71,5.8,1.49,394.71,394.71,394.71,388.91,0.0,
104,124,HSCADII,恒生A股防御行业指数,6176.92,89.27,1.47,6059.18,6176.92,6056.36,6087.65,0.0,60108893440.0
105,124,HSCEIQHK,恒生国指港韩元汇率连动调控指数,799.49,11.51,1.46,799.49,799.49,799.49,787.98,0.0,
106,100,HSCEI,国企指数,5806.9,83.54,1.46,5739.84,5819.55,5666.58,5723.36,2499435312.0,45379899392.0
107,124,HSCEIGTRI,恒生中国企业指数(GTR),13442.09,193.37,1.46,13286.86,13471.39,13117.27,13248.72,0.0,45379899392.0
108,124,HSCESI,恒生中国企业精明指数,8341.25,119.99,1.46,8244.92,8359.69,8139.81,8221.26,0.0,45379899392.0
109,124,HSCEINTRI,恒生中国企业指数(NTR),12781.22,183.85,1.46,12633.63,12809.08,12472.38,12597.37,0.0,45379899392.0
110,124,HSCEEURDH,恒生国指欧罗每日对冲指数,1451.75,20.87,1.46,1451.75,1451.75,1451.75,1430.88,0.0,
111,124,HSCEKRWH,恒生国指韩元对冲指数,469.81,6.74,1.46,469.81,469.81,469.81,463.07,0.0,
112,124,HSCEGBPH,恒生国指英镑对冲指数,433.61,6.22,1.46,433.61,433.61,433.61,427.39,0.0,
113,124,HSCEER,恒生国指每日重置额外回报指数,1387.62,19.79,1.45,1387.62,1387.62,1387.62,1367.83,0.0,
114,124,HSCEKER,恒生国指韩每日重置额外回报指数,1302.54,18.57,1.45,1302.54,1302.54,1302.54,1283.97,0.0,
115,124,HSABA,恒生A股通大湾区指数,3580.72,50.98,1.44,3522.07,3580.72,3516.5,3529.74,0.0,54123584768.0
116,124,HSCEKDER,韩元每日重置3.25%递减,1123.16,15.96,1.44,1123.16,1123.16,1123.16,1107.2,0.0,
117,124,HSCEEURH,恒生国指欧罗对冲指数,397.89,5.63,1.44,397.89,397.89,397.89,392.26,0.0,
118,124,HSCAQSI,恒生A股质量智选指数,3375.04,47.71,1.43,3313.54,3375.04,3309.84,3327.33,0.0,264358260736.0
119,124,HSCERMBH,恒生国指人民币对冲指数,502.6,7.1,1.43,502.6,502.6,502.6,495.5,0.0,
120,124,HSCEKHD,恒生国指净股息韩元对冲400逐减,5140.93,72.54,1.43,5140.93,5140.93,5140.93,5068.39,0.0,
121,124,HSBASDH,恒生沪深港通大湾区深莞惠指数,4027.83,56.32,1.42,3963.13,4030.08,3951.03,3971.51,0.0,72301879296.0
122,124,HSCAESE,恒生A股通300ESG增强指数,4780.52,66.5,1.41,4695.59,4780.52,4691.28,4714.02,0.0,201951498240.0
123,124,HSCIGTRI,恒生工商业分类指数(GTR),24022.04,330.29,1.39,23774.25,24078.04,23387.7,23691.75,0.0,41425373184.0
124,124,HSCINTRI,恒生工商业分类指数(NTR),23427.17,322.1,1.39,23185.52,23481.79,22808.54,23105.07,0.0,41425373184.0
125,124,HSC,恒生工商业指数,9104.01,125.17,1.39,9010.1,9125.24,8863.61,8978.84,1371677840.0,41425373184.0
126,124,HSCAMSI,恒生A股动量智选指数,4047.77,55.56,1.39,3976.88,4047.77,3971.56,3992.21,0.0,260245667840.0
127,124,HSITI,恒生资讯科技业(可投资)指数,1387.21,18.99,1.39,1365.84,1389.77,1333.15,1368.22,0.0,23446770944.0
128,124,HSSCSCI,恒生沪深港通中国规模全选指数,2913.36,39.85,1.39,2864.96,2914.47,2858.02,2873.51,0.0,285966032896.0
129,124,HSCASUSB,恒生A股可持续发展企业基准指数,3767.66,51.44,1.38,3767.66,3767.66,3767.66,3716.22,0.0,98345955328.0
130,124,HSCABIO,恒生A股生物技术指数,2601.4,35.42,1.38,2557.39,2601.4,2547.24,2565.98,0.0,9993915904.0
131,124,HSIT,恒生资讯科技业指数,1386.15,18.78,1.37,1365.0,1388.78,1332.39,1367.37,0.0,23466453504.0
132,124,HSCAVCI,恒生A股价值全选指数,3751.43,49.91,1.35,3688.06,3751.43,3682.1,3701.52,0.0,417424424960.0
133,125,CESHKM,中华香港内地指数,4534.59,60.23,1.35,4481.83,4543.42,4422.54,4474.36,16004999.0,41835617792.0
134,124,HSSCSSI,恒生沪深港通中国规模智选指数,3002.88,39.67,1.34,2956.4,3003.8,2949.25,2963.21,0.0,173678583808.0
135,124,HSCAHE,恒生A股家庭电器及用品指数,2810.94,36.93,1.33,2762.55,2810.94,2755.36,2774.01,0.0,11052709632.0
136,124,HSBAQL,恒生沪深港通大湾区优质生活指数,4379.12,57.51,1.33,4326.63,4381.11,4309.0,4321.61,0.0,19719602432.0
137,124,HSCALCI,恒生A股低波幅全选指数,3955.07,50.14,1.28,3891.4,3955.07,3885.72,3904.93,0.0,417424424960.0
138,124,HSRAICEI25,恒指风险调控-国企指数25%,10068.58,127.49,1.28,10068.58,10068.58,10068.58,9941.09,0.0,
139,125,H11123,香港内地50,1970.29,24.88,1.28,1948.41,1974.08,1921.85,1945.41,18753693.0,44032682496.0
140,124,HSRAICEIER25,恒生风险调控指数(ER)-国企25%,6657.22,83.46,1.27,6657.22,6657.22,6657.22,6573.76,0.0,
141,124,HSCAESG,恒生A股通300ESG指数,7641.14,95.77,1.27,7520.62,7641.14,7513.71,7545.37,0.0,238711664640.0
142,124,HSCAYCI,恒生A股股息率全选指数,3816.75,47.33,1.26,3755.37,3816.75,3749.67,3769.42,0.0,417424424960.0
143,124,HSML100,恒生中国内地100,4673.03,57.89,1.25,4624.4,4682.55,4561.9,4615.14,3778101056.0,53289425408.0
144,124,HSCAPB,恒生A股药品及生物科技指数,2674.83,33.07,1.25,2634.16,2674.83,2626.54,2641.76,0.0,27509151232.0
145,124,HSCADMM,恒生A股一般金属及矿石指数,3074.65,37.95,1.25,3024.12,3074.65,3018.5,3036.7,0.0,19552793600.0
146,124,HSCAAP,恒生A股农业产品指数,2755.09,33.95,1.25,2715.88,2766.67,2712.41,2721.14,0.0,4605979648.0
147,124,HSSCMLC,恒生港股通中国内地公司指数,2430.87,29.15,1.21,2406.96,2435.06,2377.29,2401.72,0.0,57945953280.0
148,124,HSMHSUS,恒生内地香港可持续发展企业指数,2561.42,30.67,1.21,2527.43,2565.0,2518.18,2530.75,0.0,7353511936.0
149,124,HSCAVSI,恒生A股价值智选指数,4104.38,48.62,1.2,4041.06,4104.38,4035.22,4055.76,0.0,256295587840.0
150,124,HSC500,恒生沪深港通中国500指数,3145.67,37.06,1.19,3102.25,3147.0,3094.86,3108.61,0.0,337794547712.0
151,124,HSCALCS,恒生A股通低碳精选指数,6335.13,73.32,1.17,6238.55,6335.13,6233.52,6261.81,0.0,222281826304.0
152,124,HSI125LI,恒指1.25倍杠杆指数,2731.09,31.58,1.17,2701.65,2738.77,2662.66,2699.51,0.0,
153,124,HSSCMCI,恒生沪深港通中国动量全选指数,3744.76,42.71,1.15,3695.52,3746.42,3685.25,3702.05,0.0,285966032896.0
154,124,HSSSHEC,恒生沪深港电子商贸指数,2585.03,29.18,1.14,2551.36,2586.99,2517.79,2555.85,0.0,22983356672.0
155,124,HSCA300,恒生A股通300指数,3228.15,36.4,1.14,3179.58,3228.15,3177.26,3191.75,0.0,238711664640.0
156,124,HSCALSI,恒生A股低波幅智选指数,4196.99,47.32,1.14,4135.4,4196.99,4130.09,4149.67,0.0,236886962176.0
157,124,HSCAYSI,恒生A股股息率智选指数,4105.22,45.62,1.12,4044.33,4105.22,4038.74,4059.6,0.0,244793016320.0
158,124,HSLMMSI,恒生大中型股动量智选指数,2837.69,31.43,1.12,2810.86,2843.86,2783.62,2806.26,0.0,50780700416.0
159,124,HSLKER,恒指1.2倍韩元重置额外回报,1206.17,13.1,1.1,1206.17,1206.17,1206.17,1193.07,0.0,
160,124,HSFI,恒生期货指数,21641.82,231.38,1.08,21462.02,21669.26,21174.11,21410.44,0.0,
161,124,HSCEEWI,恒生中国企业等权重指数,1125.83,11.9,1.07,1114.33,1128.57,1097.04,1113.93,0.0,45379899392.0
162,124,HSSCBBAI,恒生沪深港通大湾区指数,3585.34,37.68,1.06,3541.33,3587.71,3522.23,3547.66,0.0,96654409728.0
163,124,HSSSHSC,恒生沪深港(特选企业)300指数,3135.98,32.74,1.06,3097.84,3138.06,3083.28,3103.24,0.0,246651629568.0
164,124,HSILOWC,恒指低碳指数,4236.26,43.91,1.05,4197.42,4245.52,4147.03,4192.35,0.0,54807661312.0
165,124,HSLMMCI,恒生大中型股动量全选指数,2757.44,28.56,1.05,2732.42,2762.79,2703.75,2728.88,0.0,65596746240.0
166,124,HSFRFI,恒生期货人民币外汇指数,18714.13,193.57,1.05,18561.12,18742.88,18312.35,18520.56,0.0,
167,124,HSSSHGZ,恒生沪深港Z世代指数,2638.59,27.1,1.04,2604.54,2641.89,2555.9,2611.49,0.0,31335403520.0
168,124,HSHKS50,恒生港股通高持股50指数,2499.03,25.24,1.02,2475.31,2503.52,2453.73,2473.79,0.0,42353298944.0
169,124,HSBAHK,恒生沪深港通大湾区香港指数,2485.63,25.07,1.02,2459.06,2491.06,2444.0,2460.56,0.0,5191332608.0
170,124,HSDII,恒生防御行业指数,3277.23,32.96,1.02,3243.26,3282.79,3191.6,3244.27,0.0,27691459840.0
171,124,HSLMSSI,恒生大中型股规模智选指数,2481.1,24.85,1.01,2458.65,2486.91,2425.96,2456.25,0.0,49756841216.0
172,124,HSSSHCE,恒生沪深港清洁能源指数,3964.04,39.63,1.01,3906.88,3964.04,3894.15,3924.41,0.0,16345818624.0
173,125,SPHKL,标普香港大型股指数,24445.29,242.28,1.0,24141.34,24485.33,23900.8,24203.01,0.0,
174,124,HSICC,恒指备兑认购期权指数,4330.65,42.7,1.0,4272.72,4340.05,4238.45,4287.95,0.0,
175,124,HSINCC,恒指净股息累计备兑认购期权指数,8183.42,80.67,1.0,8073.96,8201.2,8009.2,8102.75,0.0,
176,124,HSSCQCI,恒生沪深港通中国质量全选指数,3562.95,34.86,0.99,3517.25,3564.22,3507.7,3528.09,0.0,285966032896.0
177,124,HSISUI,恒指可持续发展指数,3550.59,34.19,0.97,3523.14,3559.86,3470.52,3516.4,0.0,41741858048.0
178,124,HSCAHES,恒生A股医疗保健设备和服务指数,2310.21,22.22,0.97,2279.01,2310.21,2270.04,2287.99,0.0,9089705984.0
179,124,HSCEA,恒生沪深港通中国企业指数,2915.37,27.98,0.97,2886.26,2917.89,2867.27,2887.39,0.0,91148701696.0
180,124,HSIJPYH,恒指日元对冲指数,577.87,5.47,0.96,577.87,577.87,577.87,572.4,0.0,
181,124,HSHE,恒生沪深港通氢能主题指数,6709.77,63.25,0.95,6624.57,6717.55,6605.12,6646.52,0.0,11006463744.0
182,124,HSIQHK,恒指汇率连动港元韩元调控指数,1412.25,13.13,0.94,1412.25,1412.25,1412.25,1399.12,0.0,
183,100,HSI,恒生指数,16790.8,156.06,0.94,16645.63,16828.67,16453.5,16634.74,11355639552.0,102600753152.0
184,124,HSIGTRI,恒生指数(GTR),55371.59,514.64,0.94,54892.88,55496.48,54259.27,54856.95,0.0,54807661312.0
185,124,HSINTRI,恒生指数(NTR),54023.68,502.11,0.94,53556.62,54145.53,52938.44,53521.57,0.0,54807661312.0
186,124,HSIEURDH,恒指欧罗每日对冲指数,1942.89,18.05,0.94,1942.89,1942.89,1942.89,1924.84,0.0,
187,124,HSCAMD,恒生A股医疗设备及用品指数,2312.88,21.48,0.94,2283.2,2312.88,2274.14,2291.4,0.0,6441111808.0
188,124,HSIGBPH,恒指英镑对冲指数,642.07,5.96,0.94,642.07,642.07,642.07,636.11,0.0,
189,124,HSIKRWH,恒指韩元对冲指数,700.03,6.48,0.93,700.03,700.03,700.03,693.55,0.0,
190,124,HSSCVCI,恒生沪深港通中国价值全选指数,3438.58,31.42,0.92,3398.0,3440.66,3386.87,3407.16,0.0,285966032896.0
191,125,CES300,中华沪港通300,3794.66,34.65,0.92,3752.99,3796.8,3737.76,3760.01,0.0,237663870976.0
192,124,HSCIUT,恒生综合公用事业指数,5048.07,46.07,0.92,4994.91,5061.32,4984.53,5002.0,313395104.0,2223366656.0
193,124,HSIEURH,恒指欧罗对冲指数,587.95,5.36,0.92,587.95,587.95,587.95,582.59,0.0,
194,124,HSMI,恒生综合中型股指数,3372.45,30.71,0.92,3336.24,3377.77,3302.41,3341.74,2855469680.0,15988778752.0
195,124,HSHKMS,恒生港股通中小型股指数,2180.92,19.73,0.91,2158.63,2184.57,2137.01,2161.19,0.0,18455820800.0
196,124,HSCAIT,恒生A股行业龙头指数,4432.03,39.71,0.9,4376.96,4432.03,4374.61,4392.32,0.0,76756996096.0
197,124,HSIRMBH,恒指人民币对冲指数,741.1,6.64,0.9,741.1,741.1,741.1,734.46,0.0,
198,124,HSMSI,恒生综合中小型股指数,2030.82,18.11,0.9,2010.65,2033.96,1990.32,2012.71,0.0,19541228288.0
199,124,HSLMVSI,恒生大中型股价值智选指数,2341.09,20.75,0.89,2321.68,2346.4,2298.63,2320.34,0.0,50066506496.0
200,124,HSSCQSI,恒生沪深港通中国质量智选指数,3834.57,33.95,0.89,3789.75,3835.72,3776.77,3800.62,0.0,182783074304.0
201,124,HSBAQG,恒生沪深港通大湾区质量成长指数,2649.45,23.43,0.89,2624.26,2650.63,2608.33,2626.02,0.0,25178336768.0
202,125,CES120,中华120,5010.98,44.03,0.89,4960.85,5014.53,4929.13,4966.95,0.0,134425153536.0
203,124,HSSCLCI,恒生沪深港通中国低波幅全选指数,3677.53,32.31,0.89,3634.97,3678.65,3626.06,3645.22,0.0,285966032896.0
204,124,HSC80,恒生沪深港通中国80指数,3382.75,29.63,0.88,3350.83,3384.29,3337.58,3353.12,0.0,121676361728.0
205,124,HSLMVCI,恒生大中型股价值全选指数,2326.06,19.72,0.86,2306.15,2330.82,2281.91,2306.34,0.0,65596746240.0
206,124,HSSIV,恒生小型股(可投资)指数,1472.48,12.47,0.85,1461.13,1475.61,1445.7,1460.01,0.0,3162311568.0
207,125,H11100,香港100,1480.68,12.52,0.85,1468.5,1483.52,1450.01,1468.16,31963732.0,58325035264.0
208,124,HSSCMSI,恒生沪深港通中国动量智选指数,4042.19,34.15,0.85,3996.32,4043.83,3984.98,4008.04,0.0,178588356608.0
209,124,HSLMI,恒生综合大中型股指数,2636.66,22.22,0.85,2615.66,2641.02,2583.66,2614.44,0.0,75598774272.0
210,124,HSCI,恒生综合指数,2510.12,21.13,0.85,2490.21,2514.26,2459.99,2488.99,8485493760.0,79151222784.0
211,124,HSIESGS,恒指ESG增强指数,3607.5,30.09,0.84,3582.37,3615.45,3526.34,3577.41,0.0,49386011136.0
212,124,HSHKI,恒生港股通指数,2485.91,20.66,0.84,2466.54,2489.79,2438.4,2465.25,0.0,70457552896.0
213,124,HSLI,恒生综合大型股指数,1527.18,12.69,0.84,1515.75,1529.92,1496.67,1514.49,3405799408.0,59609994496.0
214,124,HSLMSCI,恒生大中型股规模全选指数,2253.43,18.72,0.84,2234.09,2257.69,2203.8,2234.71,0.0,65596746240.0
215,124,HSLMIV,恒生大中型股(可投资)指数,2204.69,18.28,0.84,2187.35,2208.47,2160.44,2186.41,0.0,73239339008.0
216,124,HSHKS,恒生港股通小型股指数,1674.05,13.86,0.83,1661.45,1677.69,1644.19,1660.19,0.0,3181470048.0
217,124,HSSI,恒生综合小型股指数,1138.02,9.42,0.83,1129.85,1140.37,1118.18,1128.6,2224224560.0,3552449520.0
218,124,HSLMEMQ,大中型股等权重混合因子(QVLM),2402.09,19.84,0.83,2382.64,2406.65,2356.04,2382.25,0.0,65596746240.0
219,124,HSCAESL,恒生A股通ESG领先指数,4911.56,40.44,0.83,4851.85,4911.56,4845.66,4871.12,0.0,51739196416.0
220,124,HSIESG,恒指ESG指数,2115.04,17.34,0.83,2098.09,2119.88,2076.83,2097.7,0.0,54807661312.0
221,124,HSLMRMQ,大中型股风险平价混合因子(QVLM),2393.44,19.62,0.83,2374.36,2397.97,2347.19,2373.82,0.0,65596746240.0
222,125,CES100,中华港股通精选100,3689.03,30.06,0.82,3665.05,3694.78,3611.68,3658.97,22178676.0,37788488704.0
223,124,HSCAC,恒生A股建筑指数,2514.25,20.46,0.82,2485.4,2514.25,2480.92,2493.79,0.0,9002417664.0
224,125,SPHKG,标普香港创业板指数,17.94,0.14,0.79,17.78,17.95,17.51,17.8,0.0,
225,124,HSLMLSI,恒生大中型股低波幅智选指数,2630.79,20.42,0.78,2609.8,2635.93,2582.96,2610.37,0.0,49613610752.0
226,124,HSRAIHSI20,恒生风险调控指数-恒指20%,50392.42,384.09,0.77,50392.42,50392.42,50392.42,50008.33,0.0,
227,124,HSCAHSI,恒生AH股精明指数,4159.37,31.68,0.77,4121.3,4167.26,4089.45,4127.69,0.0,2300931136.0
228,124,HSCAS50,恒生A股通高持股50指数,4866.52,37.03,0.77,4810.54,4866.52,4807.31,4829.49,0.0,77316509696.0
229,124,AHXH,恒生AH股H指数,1676.41,12.63,0.76,1660.84,1679.6,1647.99,1663.78,0.0,18001679616.0
230,124,HSRAIHSIER20,恒生风险调控指数(ER)-恒指20%,33309.77,249.68,0.76,33309.77,33309.77,33309.77,33060.09,0.0,
231,125,H11120,香港中盘精选,1919.11,14.31,0.75,1900.56,1922.76,1877.78,1904.8,16781197.0,12138514432.0
232,124,HSSCVSI,恒生沪深港通中国价值智选指数,3700.5,27.44,0.75,3662.46,3702.99,3649.72,3673.06,0.0,182159482880.0
233,124,HSLMQSI,恒生大中型股质量智选指数,2606.67,19.27,0.74,2588.69,2611.87,2555.01,2587.4,0.0,51744580352.0
234,124,HSBART,恒生沪深港通大湾区区域龙头指数,3592.72,26.38,0.74,3563.64,3595.9,3539.53,3566.34,0.0,40951212032.0
235,124,HSIII,恒生互联网科技业指数,1876.98,13.78,0.74,1859.04,1879.36,1811.55,1863.2,0.0,18029450496.0
236,124,HSLMLCI,恒生大中型股低波幅全选指数,2578.09,18.65,0.73,2558.15,2582.68,2530.36,2559.44,0.0,65596746240.0
237,124,AHXAH,恒生AH股A+H指数,2028.95,14.62,0.73,2009.5,2030.61,2002.52,2014.33,0.0,11074625280.0
238,124,HSSCLSI,恒生沪深港通中国低波幅智选指数,3946.81,28.27,0.72,3907.64,3947.94,3898.2,3918.54,0.0,167738191872.0
239,124,HSH40,恒生H40参考指数,2004.23,14.28,0.72,2004.23,2004.23,2004.23,1989.95,0.0,15254349312.0
240,124,HSLMQCI,恒生大中型股质量全选指数,2501.78,17.38,0.7,2484.24,2506.55,2452.29,2484.4,0.0,65596746240.0
241,125,CESA80,中华A80,6482.6,44.04,0.68,6416.07,6482.6,6413.34,6438.56,0.0,95933038592.0
242,124,HSCAT100,恒生A股100强指数,7812.41,52.91,0.68,7733.43,7812.41,7728.82,7759.5,0.0,109551616000.0
243,124,HSEWI,恒生等权重指数,1060.35,7.17,0.68,1052.28,1063.41,1038.4,1053.18,0.0,54807661312.0
244,124,HSCIIT,恒生资讯科技业指数,8380.26,55.84,0.67,8312.71,8390.9,8104.35,8324.42,1182091856.0,23466453504.0
245,124,HSSCYCI,恒生沪深港通中国股息率全选指数,3430.55,21.6,0.63,3398.88,3431.98,3387.6,3408.95,0.0,285966032896.0
246,124,AHXA,恒生AH股A指数,2511.95,15.81,0.63,2488.88,2511.95,2486.41,2496.14,0.0,63157437952.0
247,124,HSSUS,恒生可持续发展企业指数,2251.15,14.14,0.63,2232.03,2257.3,2213.5,2237.01,481093728.0,12310852352.0
248,124,HSBAPC,恒生沪深港通大湾区地产建筑指数,1923.11,11.88,0.62,1906.69,1926.96,1893.15,1911.23,0.0,6297411840.0
249,124,HSC50,恒生神州50指数,6094.16,37.4,0.62,6043.43,6098.37,6009.34,6056.76,0.0,12959870464.0
250,124,HSBAIN,恒生沪深港通大湾区基建运输指数,2338.05,14.06,0.6,2320.51,2339.39,2313.16,2323.99,0.0,2307624736.0
251,124,HSQGLV,恒生港股通质量成长低波动指数,3355.9,18.84,0.56,3331.39,3360.93,3302.9,3337.06,0.0,26193732352.0
252,124,HSSUSB,恒生可持续发展企业基准指数,2043.1,10.63,0.52,2043.1,2043.1,2043.1,2032.47,0.0,21132577280.0
253,124,HSESG50,恒生ESG50指数,2383.8,12.32,0.52,2368.23,2389.56,2344.13,2371.48,0.0,18753940992.0
254,124,HSCAUI,恒生A股公用事业指数,3393.57,17.0,0.5,3364.39,3397.63,3357.15,3376.57,0.0,10944521728.0
255,124,HSCIMT,恒生原材料业指数,5777.26,28.17,0.49,5723.7,5804.03,5676.05,5749.09,243842406.0,1202641056.0
256,124,H-FIN,恒生中国H股金融行业指数,12270.58,58.36,0.48,12176.38,12292.25,12076.59,12212.22,1296648560.0,7407116800.0
257,124,HSSCBBA,恒生港股通大湾区指数,2904.07,13.67,0.47,2888.05,2909.27,2846.64,2890.4,0.0,21315679744.0
258,124,HSCAE,恒生A股能源业指数,5520.06,25.47,0.46,5471.62,5550.61,5445.85,5494.59,0.0,14244905728.0
259,124,HSSCYSI,恒生沪深港通中国股息率智选指数,3649.36,16.62,0.46,3621.41,3651.1,3607.7,3632.74,0.0,149157535744.0
260,124,HSLMYCI,恒生大中型股股息率全选指数,2285.02,10.29,0.45,2271.75,2288.78,2247.39,2274.73,0.0,65596746240.0
261,124,HSLMYSI,恒生大中型股股息率智选指数,2243.14,9.99,0.45,2230.57,2247.3,2207.17,2233.15,0.0,50140252672.0
262,125,CESP50,中华港股通优选50,2101.97,9.29,0.44,2088.3,2105.77,2068.2,2092.68,0.0,34642971648.0
263,124,HSSCTUI,恒生港股通电讯及公用(可投资),2606.49,11.41,0.44,2591.74,2612.56,2581.07,2595.08,0.0,4204795856.0
264,124,HSSCTU,恒生港股通电讯及公用事业指数,2596.95,11.17,0.43,2582.5,2602.96,2572.11,2585.78,0.0,4213779616.0
265,124,HSC15TI,恒生气候变化1.5°C目标指数,5116.82,21.96,0.43,5085.2,5124.47,5011.39,5094.86,0.0,54941310976.0
266,124,HSME,恒生传媒指数,2062.26,8.7,0.42,2051.54,2065.08,2003.53,2053.56,0.0,16688373760.0
267,124,HSSHHKAH,中证恒生沪港通AH股精明指数,7355.65,29.91,0.41,7306.51,7365.61,7246.77,7325.74,0.0,10995628032.0
268,124,HSBAHD,沪深港通大湾区股息率指数,1396.47,5.36,0.39,1389.17,1398.73,1378.17,1391.11,0.0,10226014976.0
269,124,HSSCBII,恒生港股通银行保险指数,2436.9,9.31,0.38,2419.41,2442.02,2402.32,2427.59,0.0,10428863744.0
270,124,HSSCBSI,恒生保险主题指数,2394.96,9.13,0.38,2377.57,2400.34,2355.29,2385.83,0.0,10445874432.0
271,124,HSHDYI,恒生高股息率指数,811.11,3.05,0.38,806.73,812.05,801.38,808.06,1796516512.0,12092007424.0
272,124,HSCSOE,恒生中国央企指数,2466.58,9.19,0.37,2450.84,2474.54,2429.77,2457.39,0.0,15152761344.0
273,125,H11140,香港红利,2584.39,9.51,0.37,2568.88,2590.7,2548.72,2574.88,16503906.0,11401228032.0
274,124,HSBAF,恒生沪深港通大湾区金融业指数,2664.14,9.69,0.37,2649.12,2667.12,2633.01,2654.45,0.0,14668822272.0
275,124,HSCATI,恒生沪深港航运主题指数,3093.17,10.74,0.35,3073.46,3096.35,3065.2,3082.43,0.0,9972802048.0
276,124,HSSCSOS,恒生港股通国有企业优选指数,2273.22,7.86,0.35,2258.22,2279.92,2231.33,2265.36,0.0,13562704128.0
277,124,HSSCF,恒生港股通金融业指数,2342.67,7.78,0.33,2327.95,2346.79,2309.41,2334.89,0.0,12325792512.0
278,124,HSSCMI,恒生港股通原材料及工业指数,1737.66,5.74,0.33,1725.29,1742.77,1704.24,1731.92,0.0,3672321872.0
279,124,HSMBI,恒生中国内地银行指数,2549.17,8.41,0.33,2532.78,2553.72,2514.07,2540.76,0.0,4410353920.0
280,124,HSSCMII,恒生港股通原材料及工业(可投资),1720.35,5.61,0.33,1708.04,1725.52,1687.25,1714.74,0.0,3624479488.0
281,124,HSSCFI,恒生港股通金融业(可投资)指数,2348.54,7.52,0.32,2333.89,2352.68,2315.23,2341.02,0.0,12127227136.0
282,125,H11153,内地国有,572.99,1.71,0.3,569.56,574.51,565.15,571.28,21840393.0,16944658432.0
283,124,HSSCSOY,恒生港股通中国央企红利指数,2642.52,7.76,0.29,2629.97,2645.8,2614.04,2634.76,0.0,10703874304.0
284,124,HSSCHKC,恒生港股通香港公司指数,2302.21,6.72,0.29,2291.74,2306.34,2266.43,2295.49,0.0,12511597568.0
285,124,HSSCCSS,恒生港股通央企优选指数,2601.07,7.52,0.29,2586.48,2609.86,2557.04,2593.55,0.0,9936903936.0
286,124,HSHKLB,恒生香港上市银行指数,2775.86,7.74,0.28,2760.15,2779.75,2744.28,2768.12,0.0,6408746496.0
287,125,H11110,香港F50,1511.78,4.18,0.28,1504.33,1514.92,1493.53,1507.6,21350986.0,31802996992.0
288,124,HSCIIN,恒生工业指数,878.38,2.21,0.25,873.14,880.58,859.37,876.17,423057776.0,2492723216.0
289,124,HSCIFN,恒生金融业指数,2965.38,7.37,0.25,2947.62,2970.0,2928.57,2958.01,1417523424.0,12325792512.0
290,124,HSSCHDY,恒生港股通国有企业红利指数,2701.12,6.5,0.24,2690.16,2704.71,2673.24,2694.62,0.0,10965803520.0
291,124,HSFGTRI,恒生金融分类指数(GTR),118048.77,282.45,0.24,117327.1,118282.75,116505.58,117766.32,0.0,9662008064.0
292,124,HSFNTRI,恒生金融分类指数(NTR),114204.32,273.25,0.24,113506.15,114430.68,112711.39,113931.07,0.0,9662008064.0
293,124,HSF,恒生金融分类指数,29558.38,70.72,0.24,29377.68,29616.97,29171.98,29487.66,850703968.0,9662008064.0
294,124,HSBACS,恒生沪深港通大湾区消费服务指数,2261.03,5.38,0.24,2252.34,2263.02,2223.16,2255.65,0.0,4932522752.0
295,124,HSBAMZJ,恒生沪深港通大湾区澳珠中江指数,2675.21,5.96,0.22,2664.36,2677.02,2634.74,2669.25,0.0,4467705856.0
296,124,HSSCSEL,恒生港股通中国央企ESG领先指数,5151.39,11.47,0.22,5121.31,5169.45,5048.67,5139.92,0.0,7833291008.0
297,124,HSLVI,恒生低波幅指数,6140.58,13.59,0.22,6116.84,6147.12,6072.82,6126.99,1356650160.0,9997598208.0
298,124,HSSCSE,恒生港股通央企ESG指数,5092.06,11.21,0.22,5065.0,5114.15,4998.08,5080.85,0.0,12741396992.0
299,124,HSSCS40,恒生港股通中国央企ESG40指数,5359.85,10.87,0.2,5334.82,5379.59,5272.92,5348.98,0.0,11413965056.0
300,124,HSINOCC,恒指NTR5%价外备兑认购期权指数,9103.78,17.17,0.19,9064.68,9139.95,9050.71,9086.61,0.0,
301,124,HSIOCC,恒指5%价外备兑认购期权指数,4857.61,9.16,0.19,4836.75,4876.91,4829.29,4848.45,0.0,
302,124,HSCITC,恒生电讯业指数,1378.88,2.49,0.18,1376.48,1380.99,1364.73,1376.39,470166528.0,2067322496.0
303,124,HSMCHYI,恒生中国内地企业高股息率指数,1987.89,3.49,0.18,1979.05,1992.92,1962.09,1984.4,0.0,15901115136.0
304,124,HSSCBI,恒生港股通中国内地银行指数,2335.64,4.06,0.17,2324.84,2338.52,2309.61,2331.58,0.0,4434512896.0
305,124,HSCHDY,恒生中国高股息率指数,2564.55,4.44,0.17,2556.21,2568.17,2533.17,2560.11,0.0,8936397568.0
306,124,HSCIEN,恒生能源业指数,10735.26,17.11,0.16,10666.17,10807.94,10581.98,10718.15,1229146176.0,5076330496.0
307,124,HSSEHDE,恒生港股通国企高股息率ESG,4587.77,7.23,0.16,4574.9,4593.76,4543.77,4580.54,0.0,6661689856.0
308,124,HSSCCSV,恒生港股通央企价值指数,3094.32,4.86,0.16,3081.98,3099.83,3055.76,3089.46,0.0,7700344576.0
309,124,HSSSCHD,恒生沪深港特选高股息率指数,3546.15,5.25,0.15,3531.17,3551.82,3505.71,3540.9,0.0,15563871232.0
310,124,HSSCSOE,恒生港股通中国国资央企指数,2701.2,3.58,0.13,2688.31,2711.5,2661.43,2697.62,0.0,12741396992.0
311,124,HSCSEI,恒生中国国有企业指数,2319.52,3.0,0.13,2310.47,2324.3,2290.03,2316.52,0.0,19300403968.0
312,124,HSCAA,恒生A股酒精饮料指数,4241.68,5.35,0.13,4211.82,4241.68,4192.52,4236.33,0.0,12868854272.0
313,124,HSSCCSQ,恒生港股通央企质量指数,2824.48,3.34,0.12,2810.95,2831.82,2786.84,2821.14,0.0,10496243968.0
314,124,HSSCSV,恒生港股通国有企业价值指数,3041.84,3.15,0.1,3031.51,3046.94,3007.09,3038.69,0.0,8880740864.0
315,124,HSCEOCC,国指5%价外备兑认购期权指数,5063.0,5.02,0.1,5049.46,5079.16,5028.86,5057.98,0.0,
316,124,HSCENOCC,国指NTR5%价外备兑认购期权指数,8983.43,8.9,0.1,8959.41,9012.1,8922.85,8974.53,0.0,
317,124,HSCGSI,恒生消费品制造及服务业指数,2261.22,1.99,0.09,2255.57,2266.61,2212.22,2259.23,0.0,8112936960.0
318,124,HSCAB,恒生A股银行指数,2569.47,2.25,0.09,2560.42,2587.99,2554.48,2567.22,0.0,17013539328.0
319,124,HSSCSQ,恒生港股通国有企业质量指数,2444.76,2.09,0.09,2435.25,2450.65,2414.67,2442.67,0.0,12845604352.0
320,124,HSHYLV,恒生港股通高股息低波动指数,3213.11,2.66,0.08,3203.57,3217.96,3181.97,3210.45,0.0,12869965568.0
321,124,HSSCPC,恒生港股通地产建筑业指数,1239.94,0.96,0.08,1238.83,1243.22,1216.82,1238.98,0.0,3838839808.0
322,124,HSSCTE,恒生港股通文化娱乐指数,1484.9,1.01,0.07,1483.81,1486.77,1449.88,1483.89,0.0,14159715072.0
323,124,HSHK35,恒生香港35,2147.37,1.39,0.06,2142.62,2151.99,2116.39,2145.98,364982288.0,10769696512.0
324,124,HSSCTEI,恒生港股通旅游主题指数,1495.92,0.78,0.05,1494.59,1498.19,1462.38,1495.14,0.0,2754845648.0
325,124,HSSCSM,恒生港股通国有企业动量指数,2924.7,1.32,0.05,2916.58,2932.6,2891.26,2923.38,0.0,12756739328.0
326,124,HSSCCSM,恒生港股通央企动量指数,2745.59,0.94,0.03,2738.77,2752.74,2714.65,2744.65,0.0,10000388096.0
327,124,HSMOGI,恒生内地石油天然指数,1832.61,0.58,0.03,1822.96,1845.53,1808.9,1832.03,0.0,3501032624.0
328,124,HSSCPCI,恒生港股通地产建筑业(可投资),1198.37,0.24,0.02,1197.5,1201.54,1175.46,1198.13,0.0,3720700416.0
329,124,SZHKT,恒生深港资讯科技指数,,,,,,,12196.34,,
330,124,SZHKRE,恒生深港房地产指数,,,,,,,3598.77,,
331,124,SZHKIF,恒生深港基建运输指数,,,,,,,3035.21,,
332,124,SZHKI,恒生深港基建运输指数,,,,,,,5167.32,,
333,124,SZHKF,恒生深港金融指数,,,,,,,5511.46,,
334,124,SZHKC,恒生深港消费类指数,,,,,,,3723.05,,
335,124,HSIDPI,恒指股息点指数,,,,,,,660.1,,
336,124,HSCNE,恒生中国新经济指数,,,,,,,6764.43,,
337,124,HSCEIDPI,恒生国企股息点指数,,,,,,,229.54,,
338,124,HSCIPC,恒生地产建筑业指数,1505.49,-0.59,-0.04,1505.76,1510.11,1479.53,1506.08,882693840.0,4156623216.0
339,124,HSPNTRI,恒生地产分类指数(NTR),54710.89,-45.43,-0.08,54723.26,54911.8,53730.27,54756.32,0.0,2523099664.0
340,124,HSP,恒生地产指数,16509.64,-13.71,-0.08,16513.38,16570.27,16213.73,16523.35,154746494.0,2523099664.0
341,124,HSPGTRI,恒生地产分类指数(GTR),54710.88,-45.44,-0.08,54723.26,54911.8,53730.27,54756.32,0.0,2523099664.0
342,124,HSSCHKY,恒生港股通高股息率指数,1816.71,-2.35,-0.13,1815.15,1821.35,1796.77,1819.06,0.0,14477723648.0
343,124,HSMPI,恒生中国内地地产指数,1299.78,-2.0,-0.15,1301.36,1305.81,1264.23,1301.78,0.0,1265437024.0
344,124,HSSCSLV,恒生港股通国有企业低波幅指数,2746.84,-4.57,-0.17,2743.25,2754.57,2716.83,2751.41,0.0,12112615936.0
345,124,HSSCCLV,恒生港股通央企低波幅指数,2695.05,-4.64,-0.17,2691.22,2702.05,2666.74,2699.69,0.0,10002494464.0
346,124,HSPDM,恒生地产及物业管理指数,865.85,-1.63,-0.19,867.43,868.94,846.24,867.48,0.0,3000115568.0
347,124,HSSCSEE,恒生港股通央企ESG增强指数,4429.68,-10.63,-0.24,4423.73,4446.71,4352.86,4440.31,0.0,10806411520.0
348,124,HSSCHYS,恒生港股通红利优选指数,3053.37,-8.18,-0.27,3053.5,3061.96,3021.86,3061.55,0.0,12549938688.0
349,124,HSCCI,红筹指数,3481.74,-16.18,-0.46,3489.98,3491.7,3438.33,3497.92,534643408.0,6184791296.0
350,124,HSCICO,恒生综合企业指数,1353.91,-8.66,-0.64,1359.66,1360.68,1334.59,1362.57,28962918.0,570410688.0
351,124,HSSCCS,恒生港股通必需性消费指数,1500.7,-10.99,-0.73,1508.19,1508.19,1477.91,1511.69,0.0,2444153808.0
352,124,HSSCCSI,恒生港股通必需性消费(可投资),1506.25,-11.13,-0.73,1513.31,1513.31,1482.61,1517.38,0.0,2421523264.0
353,124,HSPSM,恒生物业服务及管理指数,1749.09,-13.03,-0.74,1762.85,1762.85,1716.82,1762.12,0.0,2967206464.0
354,124,HSCICS,恒生必需性消费指数,14479.71,-120.28,-0.82,14554.75,14554.75,14247.7,14599.99,0.0,2444153808.0
355,125,H11143,HKT内地地产,304.03,-2.55,-0.83,306.54,306.54,296.07,306.58,6769176.0,2171701680.0
356,124,HSISI,恒指短仓指数,5865.39,-54.46,-0.92,5917.15,5985.4,5851.88,5919.85,0.0,
357,124,HSSH,恒生航运主题指数,3276.0,-34.69,-1.05,3302.0,3302.0,3248.97,3310.69,0.0,6529105152.0
358,124,HSREIT,恒生房地产基金指数,3054.96,-34.75,-1.12,3078.15,3080.42,3029.51,3089.71,11054409.0,308893216.0
359,125,CESG10,中华博彩指数,3113.43,-40.92,-1.3,3152.21,3161.83,3042.56,3154.35,0.0,1119884960.0
360,124,HSCEISI,恒生国企短仓指数,937.09,-13.71,-1.44,948.25,960.41,934.98,950.8,0.0,
361,124,HSCEFS,恒生中国企业期货短仓指数,24982.15,-396.99,-1.56,25270.69,25637.1,24949.14,25379.14,0.0,
362,124,VHSCEI,恒生国指波幅指数,29.95,-0.52,-1.71,30.24,30.36,29.44,30.47,0.0,
363,124,HSI2SI,恒指2倍短仓指数,345.65,-6.52,-1.85,351.81,359.92,344.04,352.17,0.0,
364,124,VHSI,恒指波幅指数,25.73,-0.62,-2.35,26.19,26.27,25.38,26.35,0.0,
365,124,HSCEI2SI,恒生国企2倍短仓指数,1879.64,-56.1,-2.9,1925.14,1974.62,1871.06,1935.74,0.0,
366,124,HSTECHS,恒生科指短仓指数,841.85,-28.06,-3.23,860.94,877.0,839.95,869.91,0.0,
367,124,HST2SI,恒生科指2倍短仓指数,634.4,-43.85,-6.47,664.18,689.23,631.43,678.25,0.0,
368,124,HSTECF2S,恒生科技指期货2倍短仓指数,2849.08,-202.39,-6.63,2989.89,3093.07,2830.27,3051.47,0.0,
